{
  "best_params": {
    "depth": 6,
    "min_data_in_leaf": 22,
    "l2_leaf_reg": 1.4732218151313556,
    "bagging_temperature": 0.004718831863218975,
    "learning_rate": 0.17209472807371543,
    "iterations": 750,
    "use_temp_to_floor": false,
    "use_temp_to_cap": true,
    "use_spread": true,
    "minutes_constraint": -1
  },
  "metadata": {
    "model_type": "catboost",
    "bracket_type": "between",
    "n_train": 51835,
    "n_cal": 13598,
    "calib_method": "isotonic",
    "feature_importance": {
      "yes_mid": 3.6736223916237547,
      "yes_bid": 0.0,
      "yes_ask": 0.0,
      "spread_cents": 0.0,
      "minutes_to_close": 0.03384321546953877,
      "temp_now": 0.17238935165805047,
      "temp_to_floor": 0.40710004443117,
      "temp_to_cap": 0.023754639089810372,
      "hour_of_day_local": 0.04065129423718417,
      "day_of_week": 3.085800210649197,
      "mid_chg_5m": 0.0765356319521839,
      "spread_pct": 0.0,
      "vol_15m": 0.2099925040302784,
      "temp_rollmax_3h": 1.0354060452758462,
      "temp_rollmin_3h": 0.803169311458681,
      "temp_delta_1h": 0.0678394756154153,
      "dewpoint": 1.5468396214420894,
      "humidity": 0.0,
      "windspeed": 0.3644077636545876,
      "ret_1m": 0.05247674459873972,
      "ret_5m": 0.04075599505658827,
      "ret_15m": 0.1958104057941806,
      "vol_5m": 0.037817065474421215,
      "vol_60m": 2.1617053197118565,
      "volume_5m": 0.07487823379379588,
      "volume_60m_avg": 0.8493295393553604,
      "volume_ratio": 0.007398076974029101,
      "log_minutes_to_close": 0.01588964995563815,
      "minutes_to_close_squared": 1.386002199936073,
      "minutes_x_spread": 0.0,
      "minutes_x_temp_dist": 0.7054572246984271,
      "mid_group_mean": 0.05102339745758591,
      "mid_group_std": 0.00897920012093647,
      "mid_group_min": 0.013911751215220107,
      "mid_group_max": 0.02568657270582587,
      "mid_zscore": 0.0370906150699486,
      "mid_rank_pct": 0.0015996568510119804,
      "mid_rel_to_group": 0.001252446380446317,
      "mid_to_best_diff": 0.03494321965152438,
      "mid_to_worst_diff": 0.014698753883998428,
      "volume_share_in_timestamp": 0.00012189108397275433,
      "market_prob_mid": 0.5067237764940681,
      "market_prob_bid": 0.0,
      "market_prob_ask": 0.0,
      "market_logit_mid": 0.7041819052216031,
      "market_edge_vs_even": 0.4588073963110441,
      "minutes_since_midnight_local": 0.24535838607026664,
      "doy_sin": 12.69791811452034,
      "doy_cos": 10.844684102821411,
      "is_weekend": 0.2501590982004103,
      "strike_width": 0.0,
      "strike_midpoint": 50.10211658612683,
      "temp_to_midpoint": 0.06872124284489041,
      "temp_position_in_bracket": 0.27025132559277065,
      "prior_day_tmax": 5.6651914000196175,
      "temp_change_from_yesterday": 0.9277072054193922,
      "yes_bid_is_na": 0.0,
      "yes_ask_is_na": 0.0,
      "spread_cents_is_na": 0.0,
      "hour_of_day_local_is_na": 0.0,
      "day_of_week_is_na": 0.0,
      "mid_chg_5m_is_na": 0.0,
      "spread_pct_is_na": 0.0,
      "vol_15m_is_na": 0.0,
      "temp_rollmax_3h_is_na": 0.0,
      "temp_rollmin_3h_is_na": 0.0,
      "temp_delta_1h_is_na": 0.0,
      "dewpoint_is_na": 0.0,
      "humidity_is_na": 0.0,
      "windspeed_is_na": 0.0,
      "ret_1m_is_na": 0.0,
      "ret_5m_is_na": 0.0,
      "ret_15m_is_na": 0.0,
      "vol_5m_is_na": 0.0,
      "vol_60m_is_na": 0.0,
      "volume_5m_is_na": 0.0,
      "volume_60m_avg_is_na": 0.0,
      "volume_ratio_is_na": 0.0,
      "log_minutes_to_close_is_na": 0.0,
      "minutes_to_close_squared_is_na": 0.0,
      "minutes_x_spread_is_na": 0.0,
      "minutes_x_temp_dist_is_na": 0.0,
      "mid_group_mean_is_na": 0.0,
      "mid_group_std_is_na": 0.0,
      "mid_group_min_is_na": 0.0,
      "mid_group_max_is_na": 0.0,
      "mid_zscore_is_na": 0.0,
      "mid_rank_pct_is_na": 0.0,
      "mid_rel_to_group_is_na": 0.0,
      "mid_to_best_diff_is_na": 0.0,
      "mid_to_worst_diff_is_na": 0.0,
      "volume_share_in_timestamp_is_na": 0.0,
      "market_prob_mid_is_na": 0.0,
      "market_prob_bid_is_na": 0.0,
      "market_prob_ask_is_na": 0.0,
      "market_logit_mid_is_na": 0.0,
      "market_edge_vs_even_is_na": 0.0,
      "minutes_since_midnight_local_is_na": 0.0,
      "doy_sin_is_na": 0.0,
      "doy_cos_is_na": 0.0,
      "is_weekend_is_na": 0.0,
      "strike_width_is_na": 0.0,
      "strike_midpoint_is_na": 0.0,
      "temp_to_midpoint_is_na": 0.0,
      "temp_position_in_bracket_is_na": 0.0,
      "prior_day_tmax_is_na": 0.0,
      "temp_change_from_yesterday_is_na": 0.0
    },
    "monotone_constraints": {
      "yes_mid": 0,
      "yes_bid": 0,
      "yes_ask": 0,
      "spread_cents": -1,
      "minutes_to_close": -1,
      "temp_now": 0,
      "temp_to_floor": 0,
      "temp_to_cap": 1,
      "hour_of_day_local": 0,
      "day_of_week": 0,
      "mid_chg_5m": 0,
      "spread_pct": 0,
      "vol_15m": 0,
      "temp_rollmax_3h": 0,
      "temp_rollmin_3h": 0,
      "temp_delta_1h": 0,
      "dewpoint": 0,
      "humidity": 0,
      "windspeed": 0,
      "ret_1m": 0,
      "ret_5m": 0,
      "ret_15m": 0,
      "vol_5m": 0,
      "vol_60m": 0,
      "volume_5m": 0,
      "volume_60m_avg": 0,
      "volume_ratio": 0,
      "log_minutes_to_close": -1,
      "minutes_to_close_squared": 0,
      "minutes_x_spread": 0,
      "minutes_x_temp_dist": 0,
      "mid_group_mean": 0,
      "mid_group_std": 0,
      "mid_group_min": 0,
      "mid_group_max": 0,
      "mid_zscore": 0,
      "mid_rank_pct": 0,
      "mid_rel_to_group": 0,
      "mid_to_best_diff": 0,
      "mid_to_worst_diff": 0,
      "volume_share_in_timestamp": 0,
      "market_prob_mid": 0,
      "market_prob_bid": 0,
      "market_prob_ask": 0,
      "market_logit_mid": 0,
      "market_edge_vs_even": 0,
      "minutes_since_midnight_local": 0,
      "doy_sin": 0,
      "doy_cos": 0,
      "is_weekend": 0,
      "strike_width": 0,
      "strike_midpoint": 0,
      "temp_to_midpoint": 0,
      "temp_position_in_bracket": 0,
      "prior_day_tmax": 0,
      "temp_change_from_yesterday": 0,
      "yes_bid_is_na": 0,
      "yes_ask_is_na": 0,
      "spread_cents_is_na": 0,
      "hour_of_day_local_is_na": 0,
      "day_of_week_is_na": 0,
      "mid_chg_5m_is_na": 0,
      "spread_pct_is_na": 0,
      "vol_15m_is_na": 0,
      "temp_rollmax_3h_is_na": 0,
      "temp_rollmin_3h_is_na": 0,
      "temp_delta_1h_is_na": 0,
      "dewpoint_is_na": 0,
      "humidity_is_na": 0,
      "windspeed_is_na": 0,
      "ret_1m_is_na": 0,
      "ret_5m_is_na": 0,
      "ret_15m_is_na": 0,
      "vol_5m_is_na": 0,
      "vol_60m_is_na": 0,
      "volume_5m_is_na": 0,
      "volume_60m_avg_is_na": 0,
      "volume_ratio_is_na": 0,
      "log_minutes_to_close_is_na": 0,
      "minutes_to_close_squared_is_na": 0,
      "minutes_x_spread_is_na": 0,
      "minutes_x_temp_dist_is_na": 0,
      "mid_group_mean_is_na": 0,
      "mid_group_std_is_na": 0,
      "mid_group_min_is_na": 0,
      "mid_group_max_is_na": 0,
      "mid_zscore_is_na": 0,
      "mid_rank_pct_is_na": 0,
      "mid_rel_to_group_is_na": 0,
      "mid_to_best_diff_is_na": 0,
      "mid_to_worst_diff_is_na": 0,
      "volume_share_in_timestamp_is_na": 0,
      "market_prob_mid_is_na": 0,
      "market_prob_bid_is_na": 0,
      "market_prob_ask_is_na": 0,
      "market_logit_mid_is_na": 0,
      "market_edge_vs_even_is_na": 0,
      "minutes_since_midnight_local_is_na": 0,
      "doy_sin_is_na": 0,
      "doy_cos_is_na": 0,
      "is_weekend_is_na": 0,
      "strike_width_is_na": 0,
      "strike_midpoint_is_na": 0,
      "temp_to_midpoint_is_na": 0,
      "temp_position_in_bracket_is_na": 0,
      "prior_day_tmax_is_na": 0,
      "temp_change_from_yesterday_is_na": 0
    }
  },
  "metrics": {
    "brier_score": 0.2563160165264896,
    "log_loss": 1.9934417553327044,
    "n_train": 65433,
    "n_test": 5557
  },
  "optuna": {
    "n_trials": 20,
    "best_value": 0.12572922937140701
  }
}