{
  "best_params": {
    "depth": 8,
    "min_data_in_leaf": 1,
    "l2_leaf_reg": 3.3490967347168223,
    "bagging_temperature": 0.7100536416175907,
    "learning_rate": 0.06267355493796276,
    "iterations": 988,
    "use_temp_to_floor": true,
    "use_temp_to_cap": true,
    "use_spread": true,
    "minutes_constraint": 1
  },
  "metadata": {
    "model_type": "catboost",
    "bracket_type": "between",
    "n_train": 56506,
    "n_cal": 13706,
    "calib_method": "isotonic",
    "feature_importance": {
      "yes_mid": 2.9990176871887693,
      "yes_bid": 0.0,
      "yes_ask": 0.0,
      "spread_cents": 0.0,
      "minutes_to_close": 0.008309963011535686,
      "temp_now": 0.2321655063193377,
      "temp_to_floor": 0.023233183688538207,
      "temp_to_cap": 0.009712496746282469,
      "hour_of_day_local": 0.09058904976636836,
      "day_of_week": 6.547053978932746,
      "mid_chg_5m": 0.16647035030777138,
      "spread_pct": 0.0,
      "vol_15m": 0.2950240377229821,
      "temp_rollmax_3h": 0.9577026654323104,
      "temp_rollmin_3h": 0.8870580727883597,
      "temp_delta_1h": 0.040816865057305605,
      "dewpoint": 3.134849487619947,
      "humidity": 0.0,
      "windspeed": 0.3916819211214942,
      "ret_1m": 0.10519056192492705,
      "ret_5m": 0.10561433162544788,
      "ret_15m": 0.4271637668005439,
      "vol_5m": 0.11684013897751128,
      "vol_60m": 3.553529573948892,
      "volume_5m": 0.082898603771907,
      "volume_60m_avg": 2.3706168037219433,
      "volume_ratio": 0.04974513503684546,
      "log_minutes_to_close": 0.0027277156194451023,
      "minutes_to_close_squared": 2.8362142182044145,
      "minutes_x_spread": 0.0,
      "minutes_x_temp_dist": 0.6820381119285882,
      "mid_group_mean": 0.08743354830297632,
      "mid_group_std": 0.020164070714531787,
      "mid_group_min": 0.042962913812164,
      "mid_group_max": 0.17272638759761352,
      "mid_zscore": 0.05216876921419686,
      "mid_rank_pct": 0.03330192622949366,
      "mid_rel_to_group": 0.07699193365882388,
      "mid_to_best_diff": 0.06397142392808333,
      "mid_to_worst_diff": 0.0063772131019351665,
      "volume_share_in_timestamp": 0.0030199900299178795,
      "market_prob_mid": 1.6179042880491428,
      "market_prob_bid": 0.0,
      "market_prob_ask": 0.0,
      "market_logit_mid": 1.521476866456883,
      "market_edge_vs_even": 1.6533701841393826,
      "minutes_since_midnight_local": 0.4201140069378215,
      "doy_sin": 8.85913756432966,
      "doy_cos": 9.646480690146912,
      "is_weekend": 0.9188521425775142,
      "strike_width": 0.0,
      "strike_midpoint": 41.38439181659643,
      "temp_to_midpoint": 0.5050694966348088,
      "temp_position_in_bracket": 0.19386760345018722,
      "prior_day_tmax": 6.010881195107912,
      "temp_change_from_yesterday": 0.5930717417193613,
      "yes_bid_is_na": 0.0,
      "yes_ask_is_na": 0.0,
      "spread_cents_is_na": 0.0,
      "hour_of_day_local_is_na": 0.0,
      "day_of_week_is_na": 0.0,
      "mid_chg_5m_is_na": 0.0,
      "spread_pct_is_na": 0.0,
      "vol_15m_is_na": 0.0,
      "temp_rollmax_3h_is_na": 0.0,
      "temp_rollmin_3h_is_na": 0.0,
      "temp_delta_1h_is_na": 0.0,
      "dewpoint_is_na": 0.0,
      "humidity_is_na": 0.0,
      "windspeed_is_na": 0.0,
      "ret_1m_is_na": 0.0,
      "ret_5m_is_na": 0.0,
      "ret_15m_is_na": 0.0,
      "vol_5m_is_na": 0.0,
      "vol_60m_is_na": 0.0,
      "volume_5m_is_na": 0.0,
      "volume_60m_avg_is_na": 0.0,
      "volume_ratio_is_na": 0.0,
      "log_minutes_to_close_is_na": 0.0,
      "minutes_to_close_squared_is_na": 0.0,
      "minutes_x_spread_is_na": 0.0,
      "minutes_x_temp_dist_is_na": 0.0,
      "mid_group_mean_is_na": 0.0,
      "mid_group_std_is_na": 0.0,
      "mid_group_min_is_na": 0.0,
      "mid_group_max_is_na": 0.0,
      "mid_zscore_is_na": 0.0,
      "mid_rank_pct_is_na": 0.0,
      "mid_rel_to_group_is_na": 0.0,
      "mid_to_best_diff_is_na": 0.0,
      "mid_to_worst_diff_is_na": 0.0,
      "volume_share_in_timestamp_is_na": 0.0,
      "market_prob_mid_is_na": 0.0,
      "market_prob_bid_is_na": 0.0,
      "market_prob_ask_is_na": 0.0,
      "market_logit_mid_is_na": 0.0,
      "market_edge_vs_even_is_na": 0.0,
      "minutes_since_midnight_local_is_na": 0.0,
      "doy_sin_is_na": 0.0,
      "doy_cos_is_na": 0.0,
      "is_weekend_is_na": 0.0,
      "strike_width_is_na": 0.0,
      "strike_midpoint_is_na": 0.0,
      "temp_to_midpoint_is_na": 0.0,
      "temp_position_in_bracket_is_na": 0.0,
      "prior_day_tmax_is_na": 0.0,
      "temp_change_from_yesterday_is_na": 0.0
    },
    "monotone_constraints": {
      "yes_mid": 0,
      "yes_bid": 0,
      "yes_ask": 0,
      "spread_cents": -1,
      "minutes_to_close": 1,
      "temp_now": 0,
      "temp_to_floor": 1,
      "temp_to_cap": 1,
      "hour_of_day_local": 0,
      "day_of_week": 0,
      "mid_chg_5m": 0,
      "spread_pct": 0,
      "vol_15m": 0,
      "temp_rollmax_3h": 0,
      "temp_rollmin_3h": 0,
      "temp_delta_1h": 0,
      "dewpoint": 0,
      "humidity": 0,
      "windspeed": 0,
      "ret_1m": 0,
      "ret_5m": 0,
      "ret_15m": 0,
      "vol_5m": 0,
      "vol_60m": 0,
      "volume_5m": 0,
      "volume_60m_avg": 0,
      "volume_ratio": 0,
      "log_minutes_to_close": 1,
      "minutes_to_close_squared": 0,
      "minutes_x_spread": 0,
      "minutes_x_temp_dist": 0,
      "mid_group_mean": 0,
      "mid_group_std": 0,
      "mid_group_min": 0,
      "mid_group_max": 0,
      "mid_zscore": 0,
      "mid_rank_pct": 0,
      "mid_rel_to_group": 0,
      "mid_to_best_diff": 0,
      "mid_to_worst_diff": 0,
      "volume_share_in_timestamp": 0,
      "market_prob_mid": 0,
      "market_prob_bid": 0,
      "market_prob_ask": 0,
      "market_logit_mid": 0,
      "market_edge_vs_even": 0,
      "minutes_since_midnight_local": 0,
      "doy_sin": 0,
      "doy_cos": 0,
      "is_weekend": 0,
      "strike_width": 0,
      "strike_midpoint": 0,
      "temp_to_midpoint": 0,
      "temp_position_in_bracket": 0,
      "prior_day_tmax": 0,
      "temp_change_from_yesterday": 0,
      "yes_bid_is_na": 0,
      "yes_ask_is_na": 0,
      "spread_cents_is_na": 0,
      "hour_of_day_local_is_na": 0,
      "day_of_week_is_na": 0,
      "mid_chg_5m_is_na": 0,
      "spread_pct_is_na": 0,
      "vol_15m_is_na": 0,
      "temp_rollmax_3h_is_na": 0,
      "temp_rollmin_3h_is_na": 0,
      "temp_delta_1h_is_na": 0,
      "dewpoint_is_na": 0,
      "humidity_is_na": 0,
      "windspeed_is_na": 0,
      "ret_1m_is_na": 0,
      "ret_5m_is_na": 0,
      "ret_15m_is_na": 0,
      "vol_5m_is_na": 0,
      "vol_60m_is_na": 0,
      "volume_5m_is_na": 0,
      "volume_60m_avg_is_na": 0,
      "volume_ratio_is_na": 0,
      "log_minutes_to_close_is_na": 0,
      "minutes_to_close_squared_is_na": 0,
      "minutes_x_spread_is_na": 0,
      "minutes_x_temp_dist_is_na": 0,
      "mid_group_mean_is_na": 0,
      "mid_group_std_is_na": 0,
      "mid_group_min_is_na": 0,
      "mid_group_max_is_na": 0,
      "mid_zscore_is_na": 0,
      "mid_rank_pct_is_na": 0,
      "mid_rel_to_group_is_na": 0,
      "mid_to_best_diff_is_na": 0,
      "mid_to_worst_diff_is_na": 0,
      "volume_share_in_timestamp_is_na": 0,
      "market_prob_mid_is_na": 0,
      "market_prob_bid_is_na": 0,
      "market_prob_ask_is_na": 0,
      "market_logit_mid_is_na": 0,
      "market_edge_vs_even_is_na": 0,
      "minutes_since_midnight_local_is_na": 0,
      "doy_sin_is_na": 0,
      "doy_cos_is_na": 0,
      "is_weekend_is_na": 0,
      "strike_width_is_na": 0,
      "strike_midpoint_is_na": 0,
      "temp_to_midpoint_is_na": 0,
      "temp_position_in_bracket_is_na": 0,
      "prior_day_tmax_is_na": 0,
      "temp_change_from_yesterday_is_na": 0
    }
  },
  "metrics": {
    "brier_score": 0.18905818747207465,
    "log_loss": 0.5571100466944962,
    "n_train": 70212,
    "n_test": 4177
  },
  "optuna": {
    "n_trials": 20,
    "best_value": 0.1452680109994154
  }
}