{
  "best_params": {
    "depth": 4,
    "min_data_in_leaf": 16,
    "l2_leaf_reg": 3.347776308515933,
    "bagging_temperature": 0.43194501864211576,
    "learning_rate": 0.02692655251486473,
    "iterations": 651,
    "use_temp_to_floor": false,
    "use_temp_to_cap": false,
    "use_spread": true,
    "minutes_constraint": 0
  },
  "metrics": {
    "rmse": 35.44867333228963,
    "mae": 28.115328985051683
  },
  "optuna": {
    "best_value": 27.515246033043454,
    "n_trials": 10
  }
}