{
  "best_params": {
    "depth": 4,
    "min_data_in_leaf": 26,
    "l2_leaf_reg": 5.0468332876558515,
    "bagging_temperature": 0.363629602379294,
    "learning_rate": 0.27254609841484684,
    "iterations": 967,
    "use_temp_to_floor": false,
    "use_temp_to_cap": true,
    "use_spread": false,
    "minutes_constraint": -1
  },
  "metadata": {
    "model_type": "catboost",
    "bracket_type": "between",
    "n_train": 10433,
    "n_cal": 3351,
    "calib_method": "isotonic",
    "feature_importance": {
      "yes_mid": 8.120132990424723,
      "yes_bid": 0.0,
      "yes_ask": 0.0,
      "spread_cents": 0.0,
      "minutes_to_close": 0.10950040187044228,
      "temp_now": 0.019715370935350047,
      "temp_to_floor": 0.6371422789807257,
      "temp_to_cap": 0.03303104040082906,
      "hour_of_day_local": 0.004813774947890762,
      "day_of_week": 4.801308374214914,
      "mid_chg_5m": 0.0973337967505534,
      "spread_pct": 0.0,
      "vol_15m": 1.5538674142868678,
      "temp_rollmax_3h": 1.7050246539509177,
      "temp_rollmin_3h": 1.20518409155318,
      "temp_delta_1h": 0.11341826567560731,
      "dewpoint": 0.6608049425072061,
      "humidity": 0.0,
      "windspeed": 0.7393800900834112,
      "ret_1m": 0.08574357603719915,
      "ret_5m": 0.14600996455137674,
      "ret_15m": 0.1063227462000663,
      "vol_5m": 0.4812794538382709,
      "vol_60m": 5.118522490075797,
      "volume_5m": 0.17924365907909698,
      "volume_60m_avg": 3.617998100924273,
      "volume_ratio": 0.02412267147534902,
      "log_minutes_to_close": 0.0,
      "minutes_to_close_squared": 1.3160917912253507,
      "minutes_x_spread": 0.0,
      "minutes_x_temp_dist": 1.2749978203710874,
      "market_prob_mid": 0.08233503122163169,
      "market_prob_bid": 0.0,
      "market_prob_ask": 0.0,
      "market_logit_mid": 0.0598633060419704,
      "market_edge_vs_even": 0.08312830098600912,
      "minutes_since_midnight_local": 1.600808712566102,
      "doy_sin": 13.729997726145589,
      "doy_cos": 4.8241408285453975,
      "is_weekend": 0.9792853791574444,
      "strike_width": 0.0,
      "strike_midpoint": 39.18265226850238,
      "temp_to_midpoint": 0.013507371961752524,
      "temp_position_in_bracket": 0.4826250179968803,
      "prior_day_tmax": 5.946910215035649,
      "temp_change_from_yesterday": 0.8637560814786849,
      "yes_bid_is_na": 0.0,
      "yes_ask_is_na": 0.0,
      "spread_cents_is_na": 0.0,
      "hour_of_day_local_is_na": 0.0,
      "day_of_week_is_na": 0.0,
      "mid_chg_5m_is_na": 0.0,
      "spread_pct_is_na": 0.0,
      "vol_15m_is_na": 0.0,
      "temp_rollmax_3h_is_na": 0.0,
      "temp_rollmin_3h_is_na": 0.0,
      "temp_delta_1h_is_na": 0.0,
      "dewpoint_is_na": 0.0,
      "humidity_is_na": 0.0,
      "windspeed_is_na": 0.0,
      "ret_1m_is_na": 0.0,
      "ret_5m_is_na": 0.0,
      "ret_15m_is_na": 0.0,
      "vol_5m_is_na": 0.0,
      "vol_60m_is_na": 0.0,
      "volume_5m_is_na": 0.0,
      "volume_60m_avg_is_na": 0.0,
      "volume_ratio_is_na": 0.0,
      "log_minutes_to_close_is_na": 0.0,
      "minutes_to_close_squared_is_na": 0.0,
      "minutes_x_spread_is_na": 0.0,
      "minutes_x_temp_dist_is_na": 0.0,
      "market_prob_mid_is_na": 0.0,
      "market_prob_bid_is_na": 0.0,
      "market_prob_ask_is_na": 0.0,
      "market_logit_mid_is_na": 0.0,
      "market_edge_vs_even_is_na": 0.0,
      "minutes_since_midnight_local_is_na": 0.0,
      "doy_sin_is_na": 0.0,
      "doy_cos_is_na": 0.0,
      "is_weekend_is_na": 0.0,
      "strike_width_is_na": 0.0,
      "strike_midpoint_is_na": 0.0,
      "temp_to_midpoint_is_na": 0.0,
      "temp_position_in_bracket_is_na": 0.0,
      "prior_day_tmax_is_na": 0.0,
      "temp_change_from_yesterday_is_na": 0.0
    },
    "monotone_constraints": {
      "yes_mid": 0,
      "yes_bid": 0,
      "yes_ask": 0,
      "spread_cents": 0,
      "minutes_to_close": -1,
      "temp_now": 0,
      "temp_to_floor": 0,
      "temp_to_cap": 1,
      "hour_of_day_local": 0,
      "day_of_week": 0,
      "mid_chg_5m": 0,
      "spread_pct": 0,
      "vol_15m": 0,
      "temp_rollmax_3h": 0,
      "temp_rollmin_3h": 0,
      "temp_delta_1h": 0,
      "dewpoint": 0,
      "humidity": 0,
      "windspeed": 0,
      "ret_1m": 0,
      "ret_5m": 0,
      "ret_15m": 0,
      "vol_5m": 0,
      "vol_60m": 0,
      "volume_5m": 0,
      "volume_60m_avg": 0,
      "volume_ratio": 0,
      "log_minutes_to_close": -1,
      "minutes_to_close_squared": 0,
      "minutes_x_spread": 0,
      "minutes_x_temp_dist": 0,
      "market_prob_mid": 0,
      "market_prob_bid": 0,
      "market_prob_ask": 0,
      "market_logit_mid": 0,
      "market_edge_vs_even": 0,
      "minutes_since_midnight_local": 0,
      "doy_sin": 0,
      "doy_cos": 0,
      "is_weekend": 0,
      "strike_width": 0,
      "strike_midpoint": 0,
      "temp_to_midpoint": 0,
      "temp_position_in_bracket": 0,
      "prior_day_tmax": 0,
      "temp_change_from_yesterday": 0,
      "yes_bid_is_na": 0,
      "yes_ask_is_na": 0,
      "spread_cents_is_na": 0,
      "hour_of_day_local_is_na": 0,
      "day_of_week_is_na": 0,
      "mid_chg_5m_is_na": 0,
      "spread_pct_is_na": 0,
      "vol_15m_is_na": 0,
      "temp_rollmax_3h_is_na": 0,
      "temp_rollmin_3h_is_na": 0,
      "temp_delta_1h_is_na": 0,
      "dewpoint_is_na": 0,
      "humidity_is_na": 0,
      "windspeed_is_na": 0,
      "ret_1m_is_na": 0,
      "ret_5m_is_na": 0,
      "ret_15m_is_na": 0,
      "vol_5m_is_na": 0,
      "vol_60m_is_na": 0,
      "volume_5m_is_na": 0,
      "volume_60m_avg_is_na": 0,
      "volume_ratio_is_na": 0,
      "log_minutes_to_close_is_na": 0,
      "minutes_to_close_squared_is_na": 0,
      "minutes_x_spread_is_na": 0,
      "minutes_x_temp_dist_is_na": 0,
      "market_prob_mid_is_na": 0,
      "market_prob_bid_is_na": 0,
      "market_prob_ask_is_na": 0,
      "market_logit_mid_is_na": 0,
      "market_edge_vs_even_is_na": 0,
      "minutes_since_midnight_local_is_na": 0,
      "doy_sin_is_na": 0,
      "doy_cos_is_na": 0,
      "is_weekend_is_na": 0,
      "strike_width_is_na": 0,
      "strike_midpoint_is_na": 0,
      "temp_to_midpoint_is_na": 0,
      "temp_position_in_bracket_is_na": 0,
      "prior_day_tmax_is_na": 0,
      "temp_change_from_yesterday_is_na": 0
    }
  },
  "metrics": {
    "brier_score": 0.33685268353464526,
    "log_loss": 7.429692476119004,
    "n_train": 13784,
    "n_test": 3038
  },
  "optuna": {
    "n_trials": 10,
    "best_value": 0.118557547530744
  }
}