{
  "best_params": {
    "penalty": "elasticnet",
    "C": 0.003877434094244761,
    "l1_ratio": 0.9959901175932423,
    "class_weight": null
  },
  "calibration": "isotonic",
  "n_trials": 60,
  "seed": 42
}