{
  "best_params": {
    "depth": 5,
    "min_data_in_leaf": 14,
    "l2_leaf_reg": 6.741204610702761,
    "bagging_temperature": 0.3567533266935893,
    "learning_rate": 0.026000059117302653,
    "iterations": 588,
    "use_temp_to_floor": false,
    "use_temp_to_cap": false,
    "use_spread": true,
    "minutes_constraint": 0
  },
  "metadata": {
    "model_type": "catboost",
    "bracket_type": "between",
    "n_train": 10708,
    "n_cal": 3065,
    "calib_method": "isotonic",
    "feature_importance": {
      "yes_mid": 3.4497696363941928,
      "yes_bid": 0.0,
      "yes_ask": 0.0,
      "spread_cents": 0.0,
      "minutes_to_close": 0.7515673362317691,
      "temp_now": 0.06349027949252516,
      "temp_to_floor": 0.503285748495204,
      "temp_to_cap": 0.5250921642863151,
      "hour_of_day_local": 0.05319273870230461,
      "day_of_week": 8.388287696022186,
      "mid_chg_5m": 0.26449577750385167,
      "spread_pct": 0.0,
      "vol_15m": 0.49873388680570757,
      "temp_rollmax_3h": 0.9421071625364309,
      "temp_rollmin_3h": 0.8266329639841207,
      "temp_delta_1h": 0.1307695380843859,
      "dewpoint": 0.16889037673147528,
      "humidity": 0.0,
      "windspeed": 0.05941041295945534,
      "ret_1m": 0.07533338381864021,
      "ret_5m": 0.06779166300347317,
      "ret_15m": 0.21057709201382,
      "vol_5m": 0.03605345462085729,
      "vol_60m": 2.173923556283094,
      "volume_5m": 0.018810789158553585,
      "volume_60m_avg": 2.1376466338427833,
      "volume_ratio": 0.01431600094287929,
      "log_minutes_to_close": 0.8257349643317091,
      "minutes_to_close_squared": 0.8062485424837963,
      "minutes_x_spread": 0.0,
      "minutes_x_temp_dist": 1.0871181618967511,
      "market_prob_mid": 3.391635576789578,
      "market_prob_bid": 0.0,
      "market_prob_ask": 0.0,
      "market_logit_mid": 2.696773856847354,
      "market_edge_vs_even": 5.772664992941622,
      "minutes_since_midnight_local": 0.26845205847391657,
      "doy_sin": 9.058081449669455,
      "doy_cos": 2.3235351528503005,
      "is_weekend": 4.906584398418977,
      "strike_width": 0.0,
      "strike_midpoint": 39.86800749448795,
      "temp_to_midpoint": 0.7765691479849539,
      "temp_position_in_bracket": 0.5332721714960661,
      "prior_day_tmax": 5.495026393672931,
      "temp_change_from_yesterday": 0.8301173457405928,
      "yes_bid_is_na": 0.0,
      "yes_ask_is_na": 0.0,
      "spread_cents_is_na": 0.0,
      "hour_of_day_local_is_na": 0.0,
      "day_of_week_is_na": 0.0,
      "mid_chg_5m_is_na": 0.0,
      "spread_pct_is_na": 0.0,
      "vol_15m_is_na": 0.0,
      "temp_rollmax_3h_is_na": 0.0,
      "temp_rollmin_3h_is_na": 0.0,
      "temp_delta_1h_is_na": 0.0,
      "dewpoint_is_na": 0.0,
      "humidity_is_na": 0.0,
      "windspeed_is_na": 0.0,
      "ret_1m_is_na": 0.0,
      "ret_5m_is_na": 0.0,
      "ret_15m_is_na": 0.0,
      "vol_5m_is_na": 0.0,
      "vol_60m_is_na": 0.0,
      "volume_5m_is_na": 0.0,
      "volume_60m_avg_is_na": 0.0,
      "volume_ratio_is_na": 0.0,
      "log_minutes_to_close_is_na": 0.0,
      "minutes_to_close_squared_is_na": 0.0,
      "minutes_x_spread_is_na": 0.0,
      "minutes_x_temp_dist_is_na": 0.0,
      "market_prob_mid_is_na": 0.0,
      "market_prob_bid_is_na": 0.0,
      "market_prob_ask_is_na": 0.0,
      "market_logit_mid_is_na": 0.0,
      "market_edge_vs_even_is_na": 0.0,
      "minutes_since_midnight_local_is_na": 0.0,
      "doy_sin_is_na": 0.0,
      "doy_cos_is_na": 0.0,
      "is_weekend_is_na": 0.0,
      "strike_width_is_na": 0.0,
      "strike_midpoint_is_na": 0.0,
      "temp_to_midpoint_is_na": 0.0,
      "temp_position_in_bracket_is_na": 0.0,
      "prior_day_tmax_is_na": 0.0,
      "temp_change_from_yesterday_is_na": 0.0
    },
    "monotone_constraints": {
      "yes_mid": 0,
      "yes_bid": 0,
      "yes_ask": 0,
      "spread_cents": -1,
      "minutes_to_close": 0,
      "temp_now": 0,
      "temp_to_floor": 0,
      "temp_to_cap": 0,
      "hour_of_day_local": 0,
      "day_of_week": 0,
      "mid_chg_5m": 0,
      "spread_pct": 0,
      "vol_15m": 0,
      "temp_rollmax_3h": 0,
      "temp_rollmin_3h": 0,
      "temp_delta_1h": 0,
      "dewpoint": 0,
      "humidity": 0,
      "windspeed": 0,
      "ret_1m": 0,
      "ret_5m": 0,
      "ret_15m": 0,
      "vol_5m": 0,
      "vol_60m": 0,
      "volume_5m": 0,
      "volume_60m_avg": 0,
      "volume_ratio": 0,
      "log_minutes_to_close": 0,
      "minutes_to_close_squared": 0,
      "minutes_x_spread": 0,
      "minutes_x_temp_dist": 0,
      "market_prob_mid": 0,
      "market_prob_bid": 0,
      "market_prob_ask": 0,
      "market_logit_mid": 0,
      "market_edge_vs_even": 0,
      "minutes_since_midnight_local": 0,
      "doy_sin": 0,
      "doy_cos": 0,
      "is_weekend": 0,
      "strike_width": 0,
      "strike_midpoint": 0,
      "temp_to_midpoint": 0,
      "temp_position_in_bracket": 0,
      "prior_day_tmax": 0,
      "temp_change_from_yesterday": 0,
      "yes_bid_is_na": 0,
      "yes_ask_is_na": 0,
      "spread_cents_is_na": 0,
      "hour_of_day_local_is_na": 0,
      "day_of_week_is_na": 0,
      "mid_chg_5m_is_na": 0,
      "spread_pct_is_na": 0,
      "vol_15m_is_na": 0,
      "temp_rollmax_3h_is_na": 0,
      "temp_rollmin_3h_is_na": 0,
      "temp_delta_1h_is_na": 0,
      "dewpoint_is_na": 0,
      "humidity_is_na": 0,
      "windspeed_is_na": 0,
      "ret_1m_is_na": 0,
      "ret_5m_is_na": 0,
      "ret_15m_is_na": 0,
      "vol_5m_is_na": 0,
      "vol_60m_is_na": 0,
      "volume_5m_is_na": 0,
      "volume_60m_avg_is_na": 0,
      "volume_ratio_is_na": 0,
      "log_minutes_to_close_is_na": 0,
      "minutes_to_close_squared_is_na": 0,
      "minutes_x_spread_is_na": 0,
      "minutes_x_temp_dist_is_na": 0,
      "market_prob_mid_is_na": 0,
      "market_prob_bid_is_na": 0,
      "market_prob_ask_is_na": 0,
      "market_logit_mid_is_na": 0,
      "market_edge_vs_even_is_na": 0,
      "minutes_since_midnight_local_is_na": 0,
      "doy_sin_is_na": 0,
      "doy_cos_is_na": 0,
      "is_weekend_is_na": 0,
      "strike_width_is_na": 0,
      "strike_midpoint_is_na": 0,
      "temp_to_midpoint_is_na": 0,
      "temp_position_in_bracket_is_na": 0,
      "prior_day_tmax_is_na": 0,
      "temp_change_from_yesterday_is_na": 0
    }
  },
  "metrics": {
    "brier_score": 0.13820394853201426,
    "log_loss": 0.40692511739790815,
    "n_train": 13773,
    "n_test": 3003
  },
  "optuna": {
    "n_trials": 10,
    "best_value": 0.10254235871392403
  }
}