{
  "trained_at": "2025-12-06T21:35:19.805967",
  "city": "los_angeles",
  "feature_cols": [
    "forecast_temp",
    "market_temp",
    "edge",
    "confidence",
    "forecast_uncertainty",
    "market_uncertainty",
    "base_temp",
    "predicted_delta",
    "snapshot_hour",
    "hours_to_event_close",
    "minutes_since_market_open",
    "obs_fcst_max_gap",
    "fcst_remaining_potential",
    "temp_volatility_30min",
    "market_bid_ask_spread"
  ],
  "best_params": {
    "bootstrap_type": "MVS",
    "depth": 4,
    "iterations": 572,
    "learning_rate": 0.07161329380132488,
    "l2_leaf_reg": 11.581010943779246,
    "min_data_in_leaf": 99,
    "random_strength": 0.04914072542132186,
    "colsample_bylevel": 0.4296432678984522,
    "subsample": 0.9229021670427989,
    "calibration_method": "none",
    "decision_threshold": 0.6700800851998743
  },
  "train_metrics": {
    "n_train": 4086,
    "n_val": 176,
    "n_test": 442,
    "n_test_total": 442,
    "optuna_metric": "sharpe",
    "best_optuna_score": -1000000.0,
    "test_auc": 0.5774837471718648,
    "test_accuracy": 0.6877828054298643,
    "baseline_win_rate": 0.2330316742081448,
    "filtered_win_rate": 0.02702702702702703,
    "n_trades_recommended": 37,
    "decision_threshold": 0.6700800851998743,
    "calibration_method": "none",
    "mean_pnl_all_edges": 0.016561085972850678,
    "mean_pnl_trades": -0.22000000000000003,
    "sharpe_trades": -1.3449494001221345,
    "feature_importance": {
      "forecast_temp": 10.4969040780557,
      "market_temp": 12.128141963458688,
      "edge": 21.434567109189004,
      "confidence": 5.820888299300879,
      "forecast_uncertainty": 8.642544542712509,
      "market_uncertainty": 5.454859371708801,
      "base_temp": 10.379828626058146,
      "predicted_delta": 4.03069605938614,
      "snapshot_hour": 1.2046989111024815,
      "hours_to_event_close": 2.446154266532117,
      "minutes_since_market_open": 2.77733616628236,
      "obs_fcst_max_gap": 8.327322615365317,
      "fcst_remaining_potential": 5.851825865185357,
      "temp_volatility_30min": 1.0042321256625053,
      "market_bid_ask_spread": 0.0
    }
  },
  "decision_threshold": 0.6700800851998743,
  "n_trials": 80,
  "optimize_metric": "sharpe"
}