{
  "model_type": "ordinal_catboost",
  "trained_at": "2025-12-11T16:26:11.860603",
  "n_train_samples": 139080,
  "n_train_days": 305,
  "delta_range": [
    -3,
    3
  ],
  "delta_classes": [
    -3,
    -2,
    -1,
    0,
    1,
    2,
    3
  ],
  "global_delta_classes": [
    -12,
    -11,
    -10,
    -9,
    -8,
    -7,
    -6,
    -5,
    -4,
    -3,
    -2,
    -1,
    0,
    1,
    2,
    3,
    4,
    5,
    6,
    7,
    8,
    9,
    10,
    11,
    12
  ],
  "thresholds": [
    -2,
    -1,
    0,
    1,
    2,
    3
  ],
  "n_classifiers": 6,
  "n_constant_classifiers": 3,
  "base_model": "catboost",
  "n_optuna_trials": 120,
  "best_params": {
    "grow_policy": "SymmetricTree",
    "depth": 5,
    "iterations": 648,
    "learning_rate": 0.04986080730902581,
    "border_count": 140,
    "l2_leaf_reg": 29.439030757280758,
    "min_data_in_leaf": 127,
    "random_strength": 0.6278131986921732,
    "colsample_bylevel": 0.7741385407781234,
    "subsample": 0.6450612833930518
  }
}