{
  "model_type": "ordinal_catboost",
  "trained_at": "2025-12-06T16:48:51.608005",
  "n_train_samples": 389808,
  "n_train_days": 855,
  "delta_range": [
    -12,
    12
  ],
  "delta_classes": [
    -12,
    -11,
    -10,
    -9,
    -8,
    -7,
    -6,
    -5,
    -4,
    -3,
    -2,
    -1,
    0,
    1,
    2,
    3,
    4,
    5,
    6,
    7,
    8,
    9,
    10,
    11,
    12
  ],
  "global_delta_classes": [
    -12,
    -11,
    -10,
    -9,
    -8,
    -7,
    -6,
    -5,
    -4,
    -3,
    -2,
    -1,
    0,
    1,
    2,
    3,
    4,
    5,
    6,
    7,
    8,
    9,
    10,
    11,
    12
  ],
  "thresholds": [
    -11,
    -10,
    -9,
    -8,
    -7,
    -6,
    -5,
    -4,
    -3,
    -2,
    -1,
    0,
    1,
    2,
    3,
    4,
    5,
    6,
    7,
    8,
    9,
    10,
    11,
    12
  ],
  "n_classifiers": 24,
  "n_constant_classifiers": 0,
  "base_model": "catboost",
  "n_optuna_trials": 150,
  "best_params": {
    "grow_policy": "SymmetricTree",
    "depth": 5,
    "iterations": 1099,
    "learning_rate": 0.026027115804080462,
    "border_count": 154,
    "l2_leaf_reg": 15.38496554136279,
    "min_data_in_leaf": 42,
    "random_strength": 1.1805707340144176,
    "colsample_bylevel": 0.6535587020018705,
    "subsample": 0.6716897952947537
  }
}