{
  "sharpe": 2.617802614604384,
  "max_drawdown": -0.06689957921073576,
  "total_pnl_cents": 243300,
  "total_fees_cents": 4341,
  "gross_pnl_cents": 247641,
  "ece_trades": 0.004619146764787351,
  "ece_all_minutes": null,
  "n_trades": 9
}