{
  "grow_policy": "SymmetricTree",
  "depth": 6,
  "iterations": 1462,
  "learning_rate": 0.07055713327872389,
  "border_count": 97,
  "l2_leaf_reg": 32.6970664895748,
  "min_data_in_leaf": 146,
  "random_strength": 0.5618353107931862,
  "colsample_bylevel": 0.8428663609520833,
  "subsample": 0.7746707117422209
}