{
  "trained_at": "2025-12-06T07:47:26.881169",
  "city": "austin",
  "feature_cols": [
    "forecast_temp",
    "market_temp",
    "edge",
    "confidence",
    "forecast_uncertainty",
    "market_uncertainty",
    "base_temp",
    "predicted_delta",
    "snapshot_hour",
    "hours_to_event_close",
    "minutes_since_market_open",
    "obs_fcst_max_gap",
    "fcst_remaining_potential",
    "temp_volatility_30min",
    "market_bid_ask_spread"
  ],
  "best_params": {
    "bootstrap_type": "Bayesian",
    "depth": 4,
    "iterations": 715,
    "learning_rate": 0.10215254191247841,
    "l2_leaf_reg": 11.176987776008465,
    "min_data_in_leaf": 79,
    "random_strength": 0.8141604204825617,
    "colsample_bylevel": 0.49925230853160235,
    "bagging_temperature": 1.4671417600043133,
    "calibration_method": "sigmoid",
    "decision_threshold": 0.7453098565463683
  },
  "train_metrics": {
    "n_train": 21886,
    "n_val": 1073,
    "n_test": 3223,
    "n_test_total": 3223,
    "optuna_metric": "sharpe",
    "best_optuna_score": 0.7794499421345025,
    "test_auc": 0.8491422115255411,
    "test_accuracy": 0.6841452063295067,
    "baseline_win_rate": 0.41141793360223394,
    "filtered_win_rate": 0.8830845771144279,
    "n_trades_recommended": 402,
    "decision_threshold": 0.7453098565463683,
    "calibration_method": "sigmoid",
    "mean_pnl_all_edges": 0.0313403661185231,
    "mean_pnl_trades": 0.32281094527363186,
    "sharpe_trades": 0.9607772228966815,
    "feature_importance": {
      "forecast_temp": 9.074608013677429,
      "market_temp": 13.356338522005219,
      "edge": 13.65574166599642,
      "confidence": 7.725579941155307,
      "forecast_uncertainty": 5.989377933902215,
      "market_uncertainty": 11.97819678233081,
      "base_temp": 9.237027705936388,
      "predicted_delta": 6.574452936383311,
      "snapshot_hour": 2.934818068120132,
      "hours_to_event_close": 3.0969875119343526,
      "minutes_since_market_open": 3.442959984884112,
      "obs_fcst_max_gap": 7.997666514364143,
      "fcst_remaining_potential": 3.970764497240529,
      "temp_volatility_30min": 0.965479922069625,
      "market_bid_ask_spread": 0.0
    }
  },
  "decision_threshold": 0.7453098565463683,
  "n_trials": 150,
  "optimize_metric": "sharpe"
}