{
  "trained_at": "2025-12-09T02:13:03.008978",
  "city": "austin",
  "feature_cols": [
    "forecast_temp",
    "market_temp",
    "edge",
    "confidence",
    "forecast_uncertainty",
    "market_uncertainty",
    "base_temp",
    "predicted_delta",
    "snapshot_hour",
    "hours_to_event_close",
    "minutes_since_market_open",
    "obs_fcst_max_gap",
    "fcst_remaining_potential",
    "temp_volatility_30min",
    "market_bid_ask_spread"
  ],
  "best_params": {
    "bootstrap_type": "Bernoulli",
    "depth": 7,
    "iterations": 610,
    "learning_rate": 0.053246568655432876,
    "l2_leaf_reg": 5.439306673254322,
    "min_data_in_leaf": 11,
    "random_strength": 0.09626070770288936,
    "colsample_bylevel": 0.4685430316660312,
    "subsample": 0.9029099552936295,
    "calibration_method": "sigmoid",
    "decision_threshold": 0.8218569133283345
  },
  "train_metrics": {
    "n_train": 4057,
    "n_val": 115,
    "n_test": 610,
    "n_test_total": 610,
    "optuna_metric": "filtered_precision",
    "best_optuna_score": 1.0,
    "test_auc": 0.5939650830955179,
    "test_accuracy": 0.16229508196721312,
    "baseline_win_rate": 0.8491803278688524,
    "filtered_win_rate": 0.64,
    "n_trades_recommended": 25,
    "decision_threshold": 0.8218569133283345,
    "calibration_method": "sigmoid",
    "mean_pnl_all_edges": 0.2451967213114754,
    "mean_pnl_trades": 0.04559999999999997,
    "sharpe_trades": 0.08924915751031702,
    "feature_importance": {
      "forecast_temp": 8.238145782249775,
      "market_temp": 16.927289212032765,
      "edge": 13.203517214270715,
      "confidence": 1.1481099147098088,
      "forecast_uncertainty": 6.983655025833299,
      "market_uncertainty": 15.794837858192821,
      "base_temp": 6.457606515845589,
      "predicted_delta": 1.671153535961315,
      "snapshot_hour": 4.574104449863895,
      "hours_to_event_close": 3.202199081423461,
      "minutes_since_market_open": 4.295470812015873,
      "obs_fcst_max_gap": 8.144661724098764,
      "fcst_remaining_potential": 6.032711002950801,
      "temp_volatility_30min": 1.9301124182655036,
      "market_bid_ask_spread": 1.3964254522856216
    }
  },
  "decision_threshold": 0.8218569133283345,
  "n_trials": 100,
  "optimize_metric": "filtered_precision"
}