{
  "model_type": "ordinal_catboost",
  "trained_at": "2025-12-08T22:47:22.680513",
  "n_train_samples": 163608,
  "n_train_days": 359,
  "delta_range": [
    -12,
    12
  ],
  "delta_classes": [
    -12,
    -11,
    -10,
    -9,
    -8,
    -7,
    -6,
    -5,
    -4,
    -3,
    -2,
    -1,
    0,
    1,
    2,
    3,
    4,
    5,
    6,
    7,
    8,
    9,
    10,
    11,
    12
  ],
  "global_delta_classes": [
    -12,
    -11,
    -10,
    -9,
    -8,
    -7,
    -6,
    -5,
    -4,
    -3,
    -2,
    -1,
    0,
    1,
    2,
    3,
    4,
    5,
    6,
    7,
    8,
    9,
    10,
    11,
    12
  ],
  "thresholds": [
    -11,
    -10,
    -9,
    -8,
    -7,
    -6,
    -5,
    -4,
    -3,
    -2,
    -1,
    0,
    1,
    2,
    3,
    4,
    5,
    6,
    7,
    8,
    9,
    10,
    11,
    12
  ],
  "n_classifiers": 24,
  "n_constant_classifiers": 0,
  "base_model": "catboost",
  "n_optuna_trials": 100,
  "best_params": {
    "grow_policy": "SymmetricTree",
    "depth": 6,
    "iterations": 1462,
    "learning_rate": 0.07055713327872389,
    "border_count": 97,
    "l2_leaf_reg": 32.6970664895748,
    "min_data_in_leaf": 146,
    "random_strength": 0.5618353107931862,
    "colsample_bylevel": 0.8428663609520833,
    "subsample": 0.7746707117422209
  }
}