{
  "model_type": "ordinal_catboost",
  "trained_at": "2025-12-06T11:55:11.045092",
  "n_train_samples": 389784,
  "n_train_days": 855,
  "delta_range": [
    -12,
    12
  ],
  "delta_classes": [
    -12,
    -11,
    -10,
    -9,
    -8,
    -7,
    -6,
    -5,
    -4,
    -3,
    -2,
    -1,
    0,
    1,
    2,
    3,
    4,
    5,
    6,
    7,
    8,
    9,
    10,
    11,
    12
  ],
  "global_delta_classes": [
    -12,
    -11,
    -10,
    -9,
    -8,
    -7,
    -6,
    -5,
    -4,
    -3,
    -2,
    -1,
    0,
    1,
    2,
    3,
    4,
    5,
    6,
    7,
    8,
    9,
    10,
    11,
    12
  ],
  "thresholds": [
    -11,
    -10,
    -9,
    -8,
    -7,
    -6,
    -5,
    -4,
    -3,
    -2,
    -1,
    0,
    1,
    2,
    3,
    4,
    5,
    6,
    7,
    8,
    9,
    10,
    11,
    12
  ],
  "n_classifiers": 24,
  "n_constant_classifiers": 0,
  "base_model": "catboost",
  "n_optuna_trials": 4,
  "best_params": {
    "grow_policy": "Lossguide",
    "depth": 5,
    "iterations": 863,
    "learning_rate": 0.022261785203555637,
    "border_count": 87,
    "l2_leaf_reg": 37.75657476393088,
    "min_data_in_leaf": 46,
    "random_strength": 0.732288936155134,
    "colsample_bylevel": 0.5319352458851474,
    "subsample": 0.7223874032813048,
    "max_leaves": 21
  }
}