{
  "timestamp": "2025-11-16T07:53:00.070455",
  "pilot_dir": "models/pilots/chicago/elasticnet_rich",
  "n_windows": 8,
  "total_test_rows": 46456,
  "metrics": {
    "log_loss_mean": 0.44588131119842156,
    "log_loss_std": 0.08981249361597637,
    "brier_mean": 0.13712545306394824,
    "brier_std": 0.023293903706520163,
    "ece_mean": 0.06917937187970705,
    "ece_std": 0.016754621458741018
  },
  "model_sparsity": {
    "nonzero_coef_mean": 7.375,
    "nonzero_coef_std": 5.343554194407635
  },
  "penalty": "elasticnet"
}