{
  "best_params": {
    "penalty": "elasticnet",
    "C": 0.002782081470724275,
    "l1_ratio": 0.8849095849431611,
    "class_weight": null
  },
  "calibration": "isotonic",
  "n_trials": 60,
  "seed": 42
}