{
  "generated": "2025-11-17T00:36:01.393143",
  "elasticnet": {
    "model_type": "elasticnet",
    "n_windows": 4,
    "n_test_days": 28,
    "sharpe_mean": -1.6137430609197567,
    "sharpe_std": 2.7950849718747364,
    "sharpe_min": -6.454972243679027,
    "sharpe_max": 0.0,
    "pnl_total": -333.0,
    "pnl_mean": -83.25,
    "pnl_std": 144.19322973010904,
    "pnl_positive_windows": 0,
    "pnl_win_rate": 0.0,
    "return_mean": -0.8325000000000001,
    "return_std": 1.4419322973010906,
    "return_total": -3.3300000000000005,
    "fees_total": 5.88,
    "fees_mean": 1.47,
    "fee_ratio": 1.7657657657657657,
    "trades_total": 3,
    "trades_mean": 0.75,
    "trades_per_day": 0.10714285714285714,
    "brier_mean": 0.006924004589613499,
    "brier_std": 0.0,
    "max_drawdown_mean": 0.00847199999999998,
    "max_drawdown_worst": 0.03388799999999992
  },
  "catboost": {
    "model_type": "catboost",
    "n_windows": 4,
    "n_test_days": 28,
    "sharpe_mean": 1.6137430609197567,
    "sharpe_std": 2.7950849718747364,
    "sharpe_min": 0.0,
    "sharpe_max": 6.454972243679027,
    "pnl_total": 1000.0,
    "pnl_mean": 250.0,
    "pnl_std": 433.0127018922193,
    "pnl_positive_windows": 1,
    "pnl_win_rate": 25.0,
    "return_mean": 2.5,
    "return_std": 4.330127018922194,
    "return_total": 10.0,
    "fees_total": 35.0,
    "fees_mean": 8.75,
    "fee_ratio": 3.5000000000000004,
    "trades_total": 1,
    "trades_mean": 0.25,
    "trades_per_day": 0.03571428571428571,
    "brier_mean": null,
    "brier_std": null,
    "max_drawdown_mean": 0.0,
    "max_drawdown_worst": 0.0
  }
}