{
  "sharpe": -6.454972243679027,
  "max_drawdown": -0.03388799999999992,
  "total_pnl_cents": -33300,
  "total_fees_cents": 588,
  "gross_pnl_cents": -32712,
  "ece_trades": 0.006924004589613499,
  "ece_all_minutes": null,
  "n_trades": 3
}