{
  "best_params": {
    "depth": 6,
    "min_data_in_leaf": 9,
    "l2_leaf_reg": 1.1615865989246452,
    "bagging_temperature": 0.9488855372533332,
    "learning_rate": 0.26690431824362526,
    "iterations": 828,
    "use_temp_to_floor": true,
    "use_temp_to_cap": true,
    "use_spread": false,
    "minutes_constraint": 0
  },
  "metadata": {
    "model_type": "catboost",
    "bracket_type": "between",
    "n_train": 80992,
    "n_cal": 19251,
    "calib_method": "isotonic",
    "feature_importance": {
      "yes_mid": 6.362406687503763,
      "yes_bid": 0.0,
      "yes_ask": 0.0,
      "spread_cents": 0.0,
      "minutes_to_close": 2.4880157927906437,
      "temp_now": 0.19211636854502492,
      "temp_to_floor": 0.030592182472040354,
      "temp_to_cap": 0.0018916093479102835,
      "hour_of_day_local": 0.021168906429428026,
      "day_of_week": 5.853706418997014,
      "mid_chg_5m": 0.049238398962802764,
      "spread_pct": 0.0,
      "vol_15m": 0.06857713743130109,
      "temp_rollmax_3h": 0.6688894743440318,
      "temp_rollmin_3h": 0.5825065040241229,
      "temp_delta_1h": 0.0014630660488036608,
      "dewpoint": 2.3753025952786406,
      "humidity": 0.0,
      "windspeed": 0.27110793532843913,
      "ret_1m": 0.037084506919558606,
      "ret_5m": 0.03126535483813234,
      "ret_15m": 0.14324309886897735,
      "vol_5m": 0.019926182604881514,
      "vol_60m": 1.941772637944034,
      "volume_5m": 0.0390691839549687,
      "volume_60m_avg": 1.4554128637227972,
      "volume_ratio": 0.006868128871735823,
      "log_minutes_to_close": 0.03225099124993299,
      "minutes_to_close_squared": 0.0661744797628917,
      "minutes_x_spread": 0.0,
      "minutes_x_temp_dist": 0.9940299584692752,
      "mid_group_mean": 0.03993641280355082,
      "mid_group_std": 0.00020642318214220424,
      "mid_group_min": 0.02023031174415239,
      "mid_group_max": 0.09392942138831455,
      "mid_zscore": 0.021704278470494297,
      "mid_rank_pct": 0.0749313216657795,
      "mid_rel_to_group": 0.0010959913917694395,
      "mid_to_best_diff": 0.03685997965201399,
      "mid_to_worst_diff": 0.014556878303136624,
      "volume_share_in_timestamp": 0.000829770756383827,
      "market_prob_mid": 0.12150608893195136,
      "market_prob_bid": 0.0,
      "market_prob_ask": 0.0,
      "market_logit_mid": 0.18008826574668543,
      "market_edge_vs_even": 0.10096263376441396,
      "minutes_since_midnight_local": 0.7814695356809458,
      "doy_sin": 8.070333607186024,
      "doy_cos": 8.11218859058418,
      "is_weekend": 0.8797623245944864,
      "strike_width": 0.0,
      "strike_midpoint": 48.62739812740124,
      "temp_to_midpoint": 0.7252127450764594,
      "temp_position_in_bracket": 0.6904301672010735,
      "prior_day_tmax": 6.412531406481702,
      "temp_change_from_yesterday": 1.259755253281915,
      "yes_bid_is_na": 0.0,
      "yes_ask_is_na": 0.0,
      "spread_cents_is_na": 0.0,
      "hour_of_day_local_is_na": 0.0,
      "day_of_week_is_na": 0.0,
      "mid_chg_5m_is_na": 0.0,
      "spread_pct_is_na": 0.0,
      "vol_15m_is_na": 0.0,
      "temp_rollmax_3h_is_na": 0.0,
      "temp_rollmin_3h_is_na": 0.0,
      "temp_delta_1h_is_na": 0.0,
      "dewpoint_is_na": 0.0,
      "humidity_is_na": 0.0,
      "windspeed_is_na": 0.0,
      "ret_1m_is_na": 0.0,
      "ret_5m_is_na": 0.0,
      "ret_15m_is_na": 0.0,
      "vol_5m_is_na": 0.0,
      "vol_60m_is_na": 0.0,
      "volume_5m_is_na": 0.0,
      "volume_60m_avg_is_na": 0.0,
      "volume_ratio_is_na": 0.0,
      "log_minutes_to_close_is_na": 0.0,
      "minutes_to_close_squared_is_na": 0.0,
      "minutes_x_spread_is_na": 0.0,
      "minutes_x_temp_dist_is_na": 0.0,
      "mid_group_mean_is_na": 0.0,
      "mid_group_std_is_na": 0.0,
      "mid_group_min_is_na": 0.0,
      "mid_group_max_is_na": 0.0,
      "mid_zscore_is_na": 0.0,
      "mid_rank_pct_is_na": 0.0,
      "mid_rel_to_group_is_na": 0.0,
      "mid_to_best_diff_is_na": 0.0,
      "mid_to_worst_diff_is_na": 0.0,
      "volume_share_in_timestamp_is_na": 0.0,
      "market_prob_mid_is_na": 0.0,
      "market_prob_bid_is_na": 0.0,
      "market_prob_ask_is_na": 0.0,
      "market_logit_mid_is_na": 0.0,
      "market_edge_vs_even_is_na": 0.0,
      "minutes_since_midnight_local_is_na": 0.0,
      "doy_sin_is_na": 0.0,
      "doy_cos_is_na": 0.0,
      "is_weekend_is_na": 0.0,
      "strike_width_is_na": 0.0,
      "strike_midpoint_is_na": 0.0,
      "temp_to_midpoint_is_na": 0.0,
      "temp_position_in_bracket_is_na": 0.0,
      "prior_day_tmax_is_na": 0.0,
      "temp_change_from_yesterday_is_na": 0.0
    },
    "monotone_constraints": {
      "yes_mid": 0,
      "yes_bid": 0,
      "yes_ask": 0,
      "spread_cents": 0,
      "minutes_to_close": 0,
      "temp_now": 0,
      "temp_to_floor": 1,
      "temp_to_cap": 1,
      "hour_of_day_local": 0,
      "day_of_week": 0,
      "mid_chg_5m": 0,
      "spread_pct": 0,
      "vol_15m": 0,
      "temp_rollmax_3h": 0,
      "temp_rollmin_3h": 0,
      "temp_delta_1h": 0,
      "dewpoint": 0,
      "humidity": 0,
      "windspeed": 0,
      "ret_1m": 0,
      "ret_5m": 0,
      "ret_15m": 0,
      "vol_5m": 0,
      "vol_60m": 0,
      "volume_5m": 0,
      "volume_60m_avg": 0,
      "volume_ratio": 0,
      "log_minutes_to_close": 0,
      "minutes_to_close_squared": 0,
      "minutes_x_spread": 0,
      "minutes_x_temp_dist": 0,
      "mid_group_mean": 0,
      "mid_group_std": 0,
      "mid_group_min": 0,
      "mid_group_max": 0,
      "mid_zscore": 0,
      "mid_rank_pct": 0,
      "mid_rel_to_group": 0,
      "mid_to_best_diff": 0,
      "mid_to_worst_diff": 0,
      "volume_share_in_timestamp": 0,
      "market_prob_mid": 0,
      "market_prob_bid": 0,
      "market_prob_ask": 0,
      "market_logit_mid": 0,
      "market_edge_vs_even": 0,
      "minutes_since_midnight_local": 0,
      "doy_sin": 0,
      "doy_cos": 0,
      "is_weekend": 0,
      "strike_width": 0,
      "strike_midpoint": 0,
      "temp_to_midpoint": 0,
      "temp_position_in_bracket": 0,
      "prior_day_tmax": 0,
      "temp_change_from_yesterday": 0,
      "yes_bid_is_na": 0,
      "yes_ask_is_na": 0,
      "spread_cents_is_na": 0,
      "hour_of_day_local_is_na": 0,
      "day_of_week_is_na": 0,
      "mid_chg_5m_is_na": 0,
      "spread_pct_is_na": 0,
      "vol_15m_is_na": 0,
      "temp_rollmax_3h_is_na": 0,
      "temp_rollmin_3h_is_na": 0,
      "temp_delta_1h_is_na": 0,
      "dewpoint_is_na": 0,
      "humidity_is_na": 0,
      "windspeed_is_na": 0,
      "ret_1m_is_na": 0,
      "ret_5m_is_na": 0,
      "ret_15m_is_na": 0,
      "vol_5m_is_na": 0,
      "vol_60m_is_na": 0,
      "volume_5m_is_na": 0,
      "volume_60m_avg_is_na": 0,
      "volume_ratio_is_na": 0,
      "log_minutes_to_close_is_na": 0,
      "minutes_to_close_squared_is_na": 0,
      "minutes_x_spread_is_na": 0,
      "minutes_x_temp_dist_is_na": 0,
      "mid_group_mean_is_na": 0,
      "mid_group_std_is_na": 0,
      "mid_group_min_is_na": 0,
      "mid_group_max_is_na": 0,
      "mid_zscore_is_na": 0,
      "mid_rank_pct_is_na": 0,
      "mid_rel_to_group_is_na": 0,
      "mid_to_best_diff_is_na": 0,
      "mid_to_worst_diff_is_na": 0,
      "volume_share_in_timestamp_is_na": 0,
      "market_prob_mid_is_na": 0,
      "market_prob_bid_is_na": 0,
      "market_prob_ask_is_na": 0,
      "market_logit_mid_is_na": 0,
      "market_edge_vs_even_is_na": 0,
      "minutes_since_midnight_local_is_na": 0,
      "doy_sin_is_na": 0,
      "doy_cos_is_na": 0,
      "is_weekend_is_na": 0,
      "strike_width_is_na": 0,
      "strike_midpoint_is_na": 0,
      "temp_to_midpoint_is_na": 0,
      "temp_position_in_bracket_is_na": 0,
      "prior_day_tmax_is_na": 0,
      "temp_change_from_yesterday_is_na": 0
    }
  },
  "metrics": {
    "brier_score": 0.009006124133713544,
    "log_loss": NaN,
    "n_train": 100243,
    "n_test": 3992
  },
  "optuna": {
    "n_trials": 20,
    "best_value": 0.1327569230361701
  }
}