{
  "best_params": {
    "depth": 4,
    "min_data_in_leaf": 26,
    "l2_leaf_reg": 5.0468332876558515,
    "bagging_temperature": 0.363629602379294,
    "learning_rate": 0.27254609841484684,
    "iterations": 967,
    "use_temp_to_floor": false,
    "use_temp_to_cap": true,
    "use_spread": false,
    "minutes_constraint": -1
  },
  "metadata": {
    "model_type": "catboost",
    "bracket_type": "between",
    "n_train": 52253,
    "n_cal": 12232,
    "calib_method": "isotonic",
    "feature_importance": {
      "yes_mid": 4.416327298567702,
      "yes_bid": 0.0,
      "yes_ask": 0.0,
      "spread_cents": 0.0,
      "minutes_to_close": 0.08326855947070821,
      "temp_now": 0.11290241348113349,
      "temp_to_floor": 0.6867542869307092,
      "temp_to_cap": 0.006571215533825605,
      "hour_of_day_local": 0.026794604269906923,
      "day_of_week": 1.8549971800211733,
      "mid_chg_5m": 0.06288174525862891,
      "spread_pct": 0.0,
      "vol_15m": 0.13139327999876002,
      "temp_rollmax_3h": 0.7460783786892075,
      "temp_rollmin_3h": 0.8972756937283316,
      "temp_delta_1h": 0.03494336578701525,
      "dewpoint": 0.9371519290448498,
      "humidity": 0.0,
      "windspeed": 0.42285511217005356,
      "ret_1m": 0.02910036578562336,
      "ret_5m": 0.017103937826585074,
      "ret_15m": 0.22111137535043726,
      "vol_5m": 0.0612766969715232,
      "vol_60m": 1.8005215500669756,
      "volume_5m": 0.013870639466455491,
      "volume_60m_avg": 0.6589385947997896,
      "volume_ratio": 0.005448025540962417,
      "log_minutes_to_close": 0.00034150368913040107,
      "minutes_to_close_squared": 0.7772963200582595,
      "minutes_x_spread": 0.0,
      "minutes_x_temp_dist": 0.6321689729353132,
      "mid_group_mean": 0.08651087421966851,
      "mid_group_std": 0.0011580940575652702,
      "mid_group_min": 0.04756253013412151,
      "mid_group_max": 0.01966801223299653,
      "mid_zscore": 0.020961713010962585,
      "mid_rank_pct": 0.023771311457236727,
      "mid_rel_to_group": 0.04680886039668558,
      "mid_to_best_diff": 0.014006183630842597,
      "mid_to_worst_diff": 0.01935613093799631,
      "volume_share_in_timestamp": 0.0007894865646874786,
      "market_prob_mid": 0.0277440464723706,
      "market_prob_bid": 0.0,
      "market_prob_ask": 0.0,
      "market_logit_mid": 0.03658419317049808,
      "market_edge_vs_even": 0.023983965627900634,
      "minutes_since_midnight_local": 0.18041574680350508,
      "doy_sin": 14.999374439281324,
      "doy_cos": 7.972509007734806,
      "is_weekend": 0.000399881375504692,
      "strike_width": 0.0,
      "strike_midpoint": 55.308921368843215,
      "temp_to_midpoint": 0.011686057837323188,
      "temp_position_in_bracket": 0.21354169002337564,
      "prior_day_tmax": 5.466351974176314,
      "temp_change_from_yesterday": 0.8405213865680645,
      "yes_bid_is_na": 0.0,
      "yes_ask_is_na": 0.0,
      "spread_cents_is_na": 0.0,
      "hour_of_day_local_is_na": 0.0,
      "day_of_week_is_na": 0.0,
      "mid_chg_5m_is_na": 0.0,
      "spread_pct_is_na": 0.0,
      "vol_15m_is_na": 0.0,
      "temp_rollmax_3h_is_na": 0.0,
      "temp_rollmin_3h_is_na": 0.0,
      "temp_delta_1h_is_na": 0.0,
      "dewpoint_is_na": 0.0,
      "humidity_is_na": 0.0,
      "windspeed_is_na": 0.0,
      "ret_1m_is_na": 0.0,
      "ret_5m_is_na": 0.0,
      "ret_15m_is_na": 0.0,
      "vol_5m_is_na": 0.0,
      "vol_60m_is_na": 0.0,
      "volume_5m_is_na": 0.0,
      "volume_60m_avg_is_na": 0.0,
      "volume_ratio_is_na": 0.0,
      "log_minutes_to_close_is_na": 0.0,
      "minutes_to_close_squared_is_na": 0.0,
      "minutes_x_spread_is_na": 0.0,
      "minutes_x_temp_dist_is_na": 0.0,
      "mid_group_mean_is_na": 0.0,
      "mid_group_std_is_na": 0.0,
      "mid_group_min_is_na": 0.0,
      "mid_group_max_is_na": 0.0,
      "mid_zscore_is_na": 0.0,
      "mid_rank_pct_is_na": 0.0,
      "mid_rel_to_group_is_na": 0.0,
      "mid_to_best_diff_is_na": 0.0,
      "mid_to_worst_diff_is_na": 0.0,
      "volume_share_in_timestamp_is_na": 0.0,
      "market_prob_mid_is_na": 0.0,
      "market_prob_bid_is_na": 0.0,
      "market_prob_ask_is_na": 0.0,
      "market_logit_mid_is_na": 0.0,
      "market_edge_vs_even_is_na": 0.0,
      "minutes_since_midnight_local_is_na": 0.0,
      "doy_sin_is_na": 0.0,
      "doy_cos_is_na": 0.0,
      "is_weekend_is_na": 0.0,
      "strike_width_is_na": 0.0,
      "strike_midpoint_is_na": 0.0,
      "temp_to_midpoint_is_na": 0.0,
      "temp_position_in_bracket_is_na": 0.0,
      "prior_day_tmax_is_na": 0.0,
      "temp_change_from_yesterday_is_na": 0.0
    },
    "monotone_constraints": {
      "yes_mid": 0,
      "yes_bid": 0,
      "yes_ask": 0,
      "spread_cents": 0,
      "minutes_to_close": -1,
      "temp_now": 0,
      "temp_to_floor": 0,
      "temp_to_cap": 1,
      "hour_of_day_local": 0,
      "day_of_week": 0,
      "mid_chg_5m": 0,
      "spread_pct": 0,
      "vol_15m": 0,
      "temp_rollmax_3h": 0,
      "temp_rollmin_3h": 0,
      "temp_delta_1h": 0,
      "dewpoint": 0,
      "humidity": 0,
      "windspeed": 0,
      "ret_1m": 0,
      "ret_5m": 0,
      "ret_15m": 0,
      "vol_5m": 0,
      "vol_60m": 0,
      "volume_5m": 0,
      "volume_60m_avg": 0,
      "volume_ratio": 0,
      "log_minutes_to_close": -1,
      "minutes_to_close_squared": 0,
      "minutes_x_spread": 0,
      "minutes_x_temp_dist": 0,
      "mid_group_mean": 0,
      "mid_group_std": 0,
      "mid_group_min": 0,
      "mid_group_max": 0,
      "mid_zscore": 0,
      "mid_rank_pct": 0,
      "mid_rel_to_group": 0,
      "mid_to_best_diff": 0,
      "mid_to_worst_diff": 0,
      "volume_share_in_timestamp": 0,
      "market_prob_mid": 0,
      "market_prob_bid": 0,
      "market_prob_ask": 0,
      "market_logit_mid": 0,
      "market_edge_vs_even": 0,
      "minutes_since_midnight_local": 0,
      "doy_sin": 0,
      "doy_cos": 0,
      "is_weekend": 0,
      "strike_width": 0,
      "strike_midpoint": 0,
      "temp_to_midpoint": 0,
      "temp_position_in_bracket": 0,
      "prior_day_tmax": 0,
      "temp_change_from_yesterday": 0,
      "yes_bid_is_na": 0,
      "yes_ask_is_na": 0,
      "spread_cents_is_na": 0,
      "hour_of_day_local_is_na": 0,
      "day_of_week_is_na": 0,
      "mid_chg_5m_is_na": 0,
      "spread_pct_is_na": 0,
      "vol_15m_is_na": 0,
      "temp_rollmax_3h_is_na": 0,
      "temp_rollmin_3h_is_na": 0,
      "temp_delta_1h_is_na": 0,
      "dewpoint_is_na": 0,
      "humidity_is_na": 0,
      "windspeed_is_na": 0,
      "ret_1m_is_na": 0,
      "ret_5m_is_na": 0,
      "ret_15m_is_na": 0,
      "vol_5m_is_na": 0,
      "vol_60m_is_na": 0,
      "volume_5m_is_na": 0,
      "volume_60m_avg_is_na": 0,
      "volume_ratio_is_na": 0,
      "log_minutes_to_close_is_na": 0,
      "minutes_to_close_squared_is_na": 0,
      "minutes_x_spread_is_na": 0,
      "minutes_x_temp_dist_is_na": 0,
      "mid_group_mean_is_na": 0,
      "mid_group_std_is_na": 0,
      "mid_group_min_is_na": 0,
      "mid_group_max_is_na": 0,
      "mid_zscore_is_na": 0,
      "mid_rank_pct_is_na": 0,
      "mid_rel_to_group_is_na": 0,
      "mid_to_best_diff_is_na": 0,
      "mid_to_worst_diff_is_na": 0,
      "volume_share_in_timestamp_is_na": 0,
      "market_prob_mid_is_na": 0,
      "market_prob_bid_is_na": 0,
      "market_prob_ask_is_na": 0,
      "market_logit_mid_is_na": 0,
      "market_edge_vs_even_is_na": 0,
      "minutes_since_midnight_local_is_na": 0,
      "doy_sin_is_na": 0,
      "doy_cos_is_na": 0,
      "is_weekend_is_na": 0,
      "strike_width_is_na": 0,
      "strike_midpoint_is_na": 0,
      "temp_to_midpoint_is_na": 0,
      "temp_position_in_bracket_is_na": 0,
      "prior_day_tmax_is_na": 0,
      "temp_change_from_yesterday_is_na": 0
    }
  },
  "metrics": {
    "brier_score": 0.23230462501907026,
    "log_loss": 1.6896863853217132,
    "n_train": 64485,
    "n_test": 3031
  },
  "optuna": {
    "n_trials": 20,
    "best_value": 0.11278494729522963
  }
}