{
  "best_params": {
    "depth": 7,
    "min_data_in_leaf": 22,
    "l2_leaf_reg": 7.344561600216713,
    "bagging_temperature": 0.7882937674472151,
    "learning_rate": 0.07702863192715972,
    "iterations": 408,
    "use_temp_to_floor": true,
    "use_temp_to_cap": true,
    "use_spread": true,
    "minutes_constraint": -1
  },
  "metadata": {
    "model_type": "catboost",
    "bracket_type": "between",
    "n_train": 54619,
    "n_cal": 15498,
    "calib_method": "isotonic",
    "feature_importance": {
      "yes_mid": 1.6600152700322954,
      "yes_bid": 0.0,
      "yes_ask": 0.0,
      "spread_cents": 0.0,
      "minutes_to_close": 0.14799673411771375,
      "temp_now": 0.2382089885017974,
      "temp_to_floor": 0.029095876657678495,
      "temp_to_cap": 0.03197596438723765,
      "hour_of_day_local": 0.02171369525115754,
      "day_of_week": 4.579041141727093,
      "mid_chg_5m": 0.1041452006188525,
      "spread_pct": 0.0,
      "vol_15m": 0.18645912562632966,
      "temp_rollmax_3h": 0.7736957378134172,
      "temp_rollmin_3h": 0.9077471600042042,
      "temp_delta_1h": 0.014273331030367674,
      "dewpoint": 1.7477980349379871,
      "humidity": 0.0,
      "windspeed": 0.4120430343296026,
      "ret_1m": 0.0639989447842672,
      "ret_5m": 0.047768067108155114,
      "ret_15m": 0.23232402000630653,
      "vol_5m": 0.02589363693496744,
      "vol_60m": 2.538928047339343,
      "volume_5m": 0.0622836117289764,
      "volume_60m_avg": 1.161812592760594,
      "volume_ratio": 0.023229991186262792,
      "log_minutes_to_close": 0.0015989083914344673,
      "minutes_to_close_squared": 1.6014181063089363,
      "minutes_x_spread": 0.0,
      "minutes_x_temp_dist": 0.6220159009082196,
      "mid_group_mean": 0.05946464310905965,
      "mid_group_std": 0.016198679363857448,
      "mid_group_min": 0.0008558787651776698,
      "mid_group_max": 0.05145223386005624,
      "mid_zscore": 0.00859039144127871,
      "mid_rank_pct": 0.005744341254097406,
      "mid_rel_to_group": 0.01313352065742017,
      "mid_to_best_diff": 0.014366962982529187,
      "mid_to_worst_diff": 0.0013041194238542914,
      "volume_share_in_timestamp": 0.0,
      "market_prob_mid": 2.033752299111608,
      "market_prob_bid": 0.0,
      "market_prob_ask": 0.0,
      "market_logit_mid": 1.7786389710579305,
      "market_edge_vs_even": 1.6088170664524803,
      "minutes_since_midnight_local": 0.3612753081830283,
      "doy_sin": 9.698386807023597,
      "doy_cos": 10.059409626637407,
      "is_weekend": 0.7512409985163389,
      "strike_width": 0.0,
      "strike_midpoint": 50.011019199484856,
      "temp_to_midpoint": 0.3530309853042488,
      "temp_position_in_bracket": 0.16827016990314844,
      "prior_day_tmax": 4.903022164249527,
      "temp_change_from_yesterday": 0.8665445107252565,
      "yes_bid_is_na": 0.0,
      "yes_ask_is_na": 0.0,
      "spread_cents_is_na": 0.0,
      "hour_of_day_local_is_na": 0.0,
      "day_of_week_is_na": 0.0,
      "mid_chg_5m_is_na": 0.0,
      "spread_pct_is_na": 0.0,
      "vol_15m_is_na": 0.0,
      "temp_rollmax_3h_is_na": 0.0,
      "temp_rollmin_3h_is_na": 0.0,
      "temp_delta_1h_is_na": 0.0,
      "dewpoint_is_na": 0.0,
      "humidity_is_na": 0.0,
      "windspeed_is_na": 0.0,
      "ret_1m_is_na": 0.0,
      "ret_5m_is_na": 0.0,
      "ret_15m_is_na": 0.0,
      "vol_5m_is_na": 0.0,
      "vol_60m_is_na": 0.0,
      "volume_5m_is_na": 0.0,
      "volume_60m_avg_is_na": 0.0,
      "volume_ratio_is_na": 0.0,
      "log_minutes_to_close_is_na": 0.0,
      "minutes_to_close_squared_is_na": 0.0,
      "minutes_x_spread_is_na": 0.0,
      "minutes_x_temp_dist_is_na": 0.0,
      "mid_group_mean_is_na": 0.0,
      "mid_group_std_is_na": 0.0,
      "mid_group_min_is_na": 0.0,
      "mid_group_max_is_na": 0.0,
      "mid_zscore_is_na": 0.0,
      "mid_rank_pct_is_na": 0.0,
      "mid_rel_to_group_is_na": 0.0,
      "mid_to_best_diff_is_na": 0.0,
      "mid_to_worst_diff_is_na": 0.0,
      "volume_share_in_timestamp_is_na": 0.0,
      "market_prob_mid_is_na": 0.0,
      "market_prob_bid_is_na": 0.0,
      "market_prob_ask_is_na": 0.0,
      "market_logit_mid_is_na": 0.0,
      "market_edge_vs_even_is_na": 0.0,
      "minutes_since_midnight_local_is_na": 0.0,
      "doy_sin_is_na": 0.0,
      "doy_cos_is_na": 0.0,
      "is_weekend_is_na": 0.0,
      "strike_width_is_na": 0.0,
      "strike_midpoint_is_na": 0.0,
      "temp_to_midpoint_is_na": 0.0,
      "temp_position_in_bracket_is_na": 0.0,
      "prior_day_tmax_is_na": 0.0,
      "temp_change_from_yesterday_is_na": 0.0
    },
    "monotone_constraints": {
      "yes_mid": 0,
      "yes_bid": 0,
      "yes_ask": 0,
      "spread_cents": -1,
      "minutes_to_close": -1,
      "temp_now": 0,
      "temp_to_floor": 1,
      "temp_to_cap": 1,
      "hour_of_day_local": 0,
      "day_of_week": 0,
      "mid_chg_5m": 0,
      "spread_pct": 0,
      "vol_15m": 0,
      "temp_rollmax_3h": 0,
      "temp_rollmin_3h": 0,
      "temp_delta_1h": 0,
      "dewpoint": 0,
      "humidity": 0,
      "windspeed": 0,
      "ret_1m": 0,
      "ret_5m": 0,
      "ret_15m": 0,
      "vol_5m": 0,
      "vol_60m": 0,
      "volume_5m": 0,
      "volume_60m_avg": 0,
      "volume_ratio": 0,
      "log_minutes_to_close": -1,
      "minutes_to_close_squared": 0,
      "minutes_x_spread": 0,
      "minutes_x_temp_dist": 0,
      "mid_group_mean": 0,
      "mid_group_std": 0,
      "mid_group_min": 0,
      "mid_group_max": 0,
      "mid_zscore": 0,
      "mid_rank_pct": 0,
      "mid_rel_to_group": 0,
      "mid_to_best_diff": 0,
      "mid_to_worst_diff": 0,
      "volume_share_in_timestamp": 0,
      "market_prob_mid": 0,
      "market_prob_bid": 0,
      "market_prob_ask": 0,
      "market_logit_mid": 0,
      "market_edge_vs_even": 0,
      "minutes_since_midnight_local": 0,
      "doy_sin": 0,
      "doy_cos": 0,
      "is_weekend": 0,
      "strike_width": 0,
      "strike_midpoint": 0,
      "temp_to_midpoint": 0,
      "temp_position_in_bracket": 0,
      "prior_day_tmax": 0,
      "temp_change_from_yesterday": 0,
      "yes_bid_is_na": 0,
      "yes_ask_is_na": 0,
      "spread_cents_is_na": 0,
      "hour_of_day_local_is_na": 0,
      "day_of_week_is_na": 0,
      "mid_chg_5m_is_na": 0,
      "spread_pct_is_na": 0,
      "vol_15m_is_na": 0,
      "temp_rollmax_3h_is_na": 0,
      "temp_rollmin_3h_is_na": 0,
      "temp_delta_1h_is_na": 0,
      "dewpoint_is_na": 0,
      "humidity_is_na": 0,
      "windspeed_is_na": 0,
      "ret_1m_is_na": 0,
      "ret_5m_is_na": 0,
      "ret_15m_is_na": 0,
      "vol_5m_is_na": 0,
      "vol_60m_is_na": 0,
      "volume_5m_is_na": 0,
      "volume_60m_avg_is_na": 0,
      "volume_ratio_is_na": 0,
      "log_minutes_to_close_is_na": 0,
      "minutes_to_close_squared_is_na": 0,
      "minutes_x_spread_is_na": 0,
      "minutes_x_temp_dist_is_na": 0,
      "mid_group_mean_is_na": 0,
      "mid_group_std_is_na": 0,
      "mid_group_min_is_na": 0,
      "mid_group_max_is_na": 0,
      "mid_zscore_is_na": 0,
      "mid_rank_pct_is_na": 0,
      "mid_rel_to_group_is_na": 0,
      "mid_to_best_diff_is_na": 0,
      "mid_to_worst_diff_is_na": 0,
      "volume_share_in_timestamp_is_na": 0,
      "market_prob_mid_is_na": 0,
      "market_prob_bid_is_na": 0,
      "market_prob_ask_is_na": 0,
      "market_logit_mid_is_na": 0,
      "market_edge_vs_even_is_na": 0,
      "minutes_since_midnight_local_is_na": 0,
      "doy_sin_is_na": 0,
      "doy_cos_is_na": 0,
      "is_weekend_is_na": 0,
      "strike_width_is_na": 0,
      "strike_midpoint_is_na": 0,
      "temp_to_midpoint_is_na": 0,
      "temp_position_in_bracket_is_na": 0,
      "prior_day_tmax_is_na": 0,
      "temp_change_from_yesterday_is_na": 0
    }
  },
  "metrics": {
    "brier_score": 0.15393948024446366,
    "log_loss": 0.9434238457578439,
    "n_train": 70117,
    "n_test": 4841
  },
  "optuna": {
    "n_trials": 20,
    "best_value": 0.1297693807368185
  }
}