{
  "best_params": {
    "depth": 6,
    "min_data_in_leaf": 42,
    "l2_leaf_reg": 1.4924016193113414,
    "bagging_temperature": 0.0055827937706722786,
    "learning_rate": 0.205181761921085,
    "iterations": 920,
    "use_temp_to_floor": false,
    "use_temp_to_cap": true,
    "use_spread": false,
    "minutes_constraint": -1
  },
  "metadata": {
    "model_type": "catboost",
    "bracket_type": "between",
    "n_train": 69538,
    "n_cal": 15899,
    "calib_method": "isotonic",
    "feature_importance": {
      "yes_mid": 6.811125482220771,
      "yes_bid": 0.0,
      "yes_ask": 0.0,
      "spread_cents": 0.0,
      "minutes_to_close": 0.22658698626778787,
      "temp_now": 0.3549927181085381,
      "temp_to_floor": 0.7002358069333943,
      "temp_to_cap": 0.002229552093338368,
      "hour_of_day_local": 0.02501731686661537,
      "day_of_week": 5.332452271423994,
      "mid_chg_5m": 0.05891665305037255,
      "spread_pct": 0.0,
      "vol_15m": 0.13991637289881648,
      "temp_rollmax_3h": 0.6331814112971993,
      "temp_rollmin_3h": 0.7954526432807744,
      "temp_delta_1h": 0.014612116576331336,
      "dewpoint": 2.753634783774738,
      "humidity": 0.0,
      "windspeed": 0.2340680387282899,
      "ret_1m": 0.04616213792098514,
      "ret_5m": 0.039147997380731374,
      "ret_15m": 0.24559228595882934,
      "vol_5m": 0.027877367511008316,
      "vol_60m": 2.198894467962638,
      "volume_5m": 0.03904028467547705,
      "volume_60m_avg": 1.4361912592061383,
      "volume_ratio": 0.0030995228249950635,
      "log_minutes_to_close": 0.019268907385142926,
      "minutes_to_close_squared": 1.9657013405114954,
      "minutes_x_spread": 0.0,
      "minutes_x_temp_dist": 0.9066838178419556,
      "mid_group_mean": 0.05821883895385171,
      "mid_group_std": 0.0005935025649626181,
      "mid_group_min": 0.0198954046410955,
      "mid_group_max": 0.16502391491397145,
      "mid_zscore": 0.025673131972388973,
      "mid_rank_pct": 0.013610570167754068,
      "mid_rel_to_group": 0.04621747337073715,
      "mid_to_best_diff": 0.17711739552300385,
      "mid_to_worst_diff": 0.030717504574998156,
      "volume_share_in_timestamp": 0.01983771371116636,
      "market_prob_mid": 0.36875033880636576,
      "market_prob_bid": 0.0,
      "market_prob_ask": 0.0,
      "market_logit_mid": 0.392671147679589,
      "market_edge_vs_even": 0.3024349193407688,
      "minutes_since_midnight_local": 0.419243967728286,
      "doy_sin": 9.876899244099889,
      "doy_cos": 9.736841259779988,
      "is_weekend": 1.6622861468885741,
      "strike_width": 0.0,
      "strike_midpoint": 44.069688245188196,
      "temp_to_midpoint": 0.04884301631530121,
      "temp_position_in_bracket": 0.38575695608000604,
      "prior_day_tmax": 5.584707440431116,
      "temp_change_from_yesterday": 1.584890324567642,
      "yes_bid_is_na": 0.0,
      "yes_ask_is_na": 0.0,
      "spread_cents_is_na": 0.0,
      "hour_of_day_local_is_na": 0.0,
      "day_of_week_is_na": 0.0,
      "mid_chg_5m_is_na": 0.0,
      "spread_pct_is_na": 0.0,
      "vol_15m_is_na": 0.0,
      "temp_rollmax_3h_is_na": 0.0,
      "temp_rollmin_3h_is_na": 0.0,
      "temp_delta_1h_is_na": 0.0,
      "dewpoint_is_na": 0.0,
      "humidity_is_na": 0.0,
      "windspeed_is_na": 0.0,
      "ret_1m_is_na": 0.0,
      "ret_5m_is_na": 0.0,
      "ret_15m_is_na": 0.0,
      "vol_5m_is_na": 0.0,
      "vol_60m_is_na": 0.0,
      "volume_5m_is_na": 0.0,
      "volume_60m_avg_is_na": 0.0,
      "volume_ratio_is_na": 0.0,
      "log_minutes_to_close_is_na": 0.0,
      "minutes_to_close_squared_is_na": 0.0,
      "minutes_x_spread_is_na": 0.0,
      "minutes_x_temp_dist_is_na": 0.0,
      "mid_group_mean_is_na": 0.0,
      "mid_group_std_is_na": 0.0,
      "mid_group_min_is_na": 0.0,
      "mid_group_max_is_na": 0.0,
      "mid_zscore_is_na": 0.0,
      "mid_rank_pct_is_na": 0.0,
      "mid_rel_to_group_is_na": 0.0,
      "mid_to_best_diff_is_na": 0.0,
      "mid_to_worst_diff_is_na": 0.0,
      "volume_share_in_timestamp_is_na": 0.0,
      "market_prob_mid_is_na": 0.0,
      "market_prob_bid_is_na": 0.0,
      "market_prob_ask_is_na": 0.0,
      "market_logit_mid_is_na": 0.0,
      "market_edge_vs_even_is_na": 0.0,
      "minutes_since_midnight_local_is_na": 0.0,
      "doy_sin_is_na": 0.0,
      "doy_cos_is_na": 0.0,
      "is_weekend_is_na": 0.0,
      "strike_width_is_na": 0.0,
      "strike_midpoint_is_na": 0.0,
      "temp_to_midpoint_is_na": 0.0,
      "temp_position_in_bracket_is_na": 0.0,
      "prior_day_tmax_is_na": 0.0,
      "temp_change_from_yesterday_is_na": 0.0
    },
    "monotone_constraints": {
      "yes_mid": 0,
      "yes_bid": 0,
      "yes_ask": 0,
      "spread_cents": 0,
      "minutes_to_close": -1,
      "temp_now": 0,
      "temp_to_floor": 0,
      "temp_to_cap": 1,
      "hour_of_day_local": 0,
      "day_of_week": 0,
      "mid_chg_5m": 0,
      "spread_pct": 0,
      "vol_15m": 0,
      "temp_rollmax_3h": 0,
      "temp_rollmin_3h": 0,
      "temp_delta_1h": 0,
      "dewpoint": 0,
      "humidity": 0,
      "windspeed": 0,
      "ret_1m": 0,
      "ret_5m": 0,
      "ret_15m": 0,
      "vol_5m": 0,
      "vol_60m": 0,
      "volume_5m": 0,
      "volume_60m_avg": 0,
      "volume_ratio": 0,
      "log_minutes_to_close": -1,
      "minutes_to_close_squared": 0,
      "minutes_x_spread": 0,
      "minutes_x_temp_dist": 0,
      "mid_group_mean": 0,
      "mid_group_std": 0,
      "mid_group_min": 0,
      "mid_group_max": 0,
      "mid_zscore": 0,
      "mid_rank_pct": 0,
      "mid_rel_to_group": 0,
      "mid_to_best_diff": 0,
      "mid_to_worst_diff": 0,
      "volume_share_in_timestamp": 0,
      "market_prob_mid": 0,
      "market_prob_bid": 0,
      "market_prob_ask": 0,
      "market_logit_mid": 0,
      "market_edge_vs_even": 0,
      "minutes_since_midnight_local": 0,
      "doy_sin": 0,
      "doy_cos": 0,
      "is_weekend": 0,
      "strike_width": 0,
      "strike_midpoint": 0,
      "temp_to_midpoint": 0,
      "temp_position_in_bracket": 0,
      "prior_day_tmax": 0,
      "temp_change_from_yesterday": 0,
      "yes_bid_is_na": 0,
      "yes_ask_is_na": 0,
      "spread_cents_is_na": 0,
      "hour_of_day_local_is_na": 0,
      "day_of_week_is_na": 0,
      "mid_chg_5m_is_na": 0,
      "spread_pct_is_na": 0,
      "vol_15m_is_na": 0,
      "temp_rollmax_3h_is_na": 0,
      "temp_rollmin_3h_is_na": 0,
      "temp_delta_1h_is_na": 0,
      "dewpoint_is_na": 0,
      "humidity_is_na": 0,
      "windspeed_is_na": 0,
      "ret_1m_is_na": 0,
      "ret_5m_is_na": 0,
      "ret_15m_is_na": 0,
      "vol_5m_is_na": 0,
      "vol_60m_is_na": 0,
      "volume_5m_is_na": 0,
      "volume_60m_avg_is_na": 0,
      "volume_ratio_is_na": 0,
      "log_minutes_to_close_is_na": 0,
      "minutes_to_close_squared_is_na": 0,
      "minutes_x_spread_is_na": 0,
      "minutes_x_temp_dist_is_na": 0,
      "mid_group_mean_is_na": 0,
      "mid_group_std_is_na": 0,
      "mid_group_min_is_na": 0,
      "mid_group_max_is_na": 0,
      "mid_zscore_is_na": 0,
      "mid_rank_pct_is_na": 0,
      "mid_rel_to_group_is_na": 0,
      "mid_to_best_diff_is_na": 0,
      "mid_to_worst_diff_is_na": 0,
      "volume_share_in_timestamp_is_na": 0,
      "market_prob_mid_is_na": 0,
      "market_prob_bid_is_na": 0,
      "market_prob_ask_is_na": 0,
      "market_logit_mid_is_na": 0,
      "market_edge_vs_even_is_na": 0,
      "minutes_since_midnight_local_is_na": 0,
      "doy_sin_is_na": 0,
      "doy_cos_is_na": 0,
      "is_weekend_is_na": 0,
      "strike_width_is_na": 0,
      "strike_midpoint_is_na": 0,
      "temp_to_midpoint_is_na": 0,
      "temp_position_in_bracket_is_na": 0,
      "prior_day_tmax_is_na": 0,
      "temp_change_from_yesterday_is_na": 0
    }
  },
  "metrics": {
    "brier_score": 0.21238116274509428,
    "log_loss": 0.9115945045672917,
    "n_train": 85437,
    "n_test": 6691
  },
  "optuna": {
    "n_trials": 20,
    "best_value": 0.12011138906056473
  }
}