{
  "best_params": {
    "penalty": "elasticnet",
    "C": 0.001032871743809641,
    "l1_ratio": 0.015551769364024137,
    "class_weight": null
  },
  "calibration": "isotonic",
  "n_trials": 60,
  "seed": 42
}