{
  "best_params": {
    "depth": 5,
    "min_data_in_leaf": 21,
    "l2_leaf_reg": 3.582592965481676,
    "bagging_temperature": 0.8574682401390032,
    "learning_rate": 0.18738171112743765,
    "iterations": 871,
    "use_temp_to_floor": true,
    "use_temp_to_cap": true,
    "use_spread": false,
    "minutes_constraint": -1
  },
  "metadata": {
    "model_type": "catboost",
    "bracket_type": "between",
    "n_train": 72429,
    "n_cal": 22180,
    "calib_method": "isotonic",
    "feature_importance": {
      "yes_mid": 6.259183707948978,
      "yes_bid": 0.0,
      "yes_ask": 0.0,
      "spread_cents": 0.0,
      "minutes_to_close": 0.12639486826240953,
      "temp_now": 0.15680676296505705,
      "temp_to_floor": 0.14735895453858722,
      "temp_to_cap": 0.0,
      "hour_of_day_local": 0.032314756818461056,
      "day_of_week": 5.386268801327812,
      "mid_chg_5m": 0.041943860789302255,
      "spread_pct": 0.0,
      "vol_15m": 0.2752873196466814,
      "temp_rollmax_3h": 0.9577714116644372,
      "temp_rollmin_3h": 0.6497913977674572,
      "temp_delta_1h": 0.009216087509125961,
      "dewpoint": 2.2025962461516277,
      "humidity": 0.0,
      "windspeed": 0.30059605115135885,
      "ret_1m": 0.055999204631901764,
      "ret_5m": 0.02009167625210388,
      "ret_15m": 0.1894519908974268,
      "vol_5m": 0.001274074642090008,
      "vol_60m": 1.6561549808363143,
      "volume_5m": 0.05061681881063345,
      "volume_60m_avg": 1.4241758670476263,
      "volume_ratio": 0.03600178236742098,
      "log_minutes_to_close": 0.004558817652347739,
      "minutes_to_close_squared": 1.7727854135143744,
      "minutes_x_spread": 0.0,
      "minutes_x_temp_dist": 0.8160026089552128,
      "mid_group_mean": 0.034734619229440176,
      "mid_group_std": 0.006950099653425093,
      "mid_group_min": 0.017548676793261615,
      "mid_group_max": 0.05609410286321445,
      "mid_zscore": 0.01701519981073654,
      "mid_rank_pct": 0.01737256324360551,
      "mid_rel_to_group": 0.021446595775969406,
      "mid_to_best_diff": 0.04238262760256034,
      "mid_to_worst_diff": 0.030150432654300417,
      "volume_share_in_timestamp": 0.0012913557569656285,
      "market_prob_mid": 0.3928911977473387,
      "market_prob_bid": 0.0,
      "market_prob_ask": 0.0,
      "market_logit_mid": 0.34822779807238696,
      "market_edge_vs_even": 0.2951827969365269,
      "minutes_since_midnight_local": 0.4923735416633484,
      "doy_sin": 10.76015839393015,
      "doy_cos": 9.139184894794395,
      "is_weekend": 0.33689118080063807,
      "strike_width": 0.0,
      "strike_midpoint": 48.99020767798469,
      "temp_to_midpoint": 0.5660520071508885,
      "temp_position_in_bracket": 0.4403884164994978,
      "prior_day_tmax": 4.29527623161671,
      "temp_change_from_yesterday": 1.1255361272712128,
      "yes_bid_is_na": 0.0,
      "yes_ask_is_na": 0.0,
      "spread_cents_is_na": 0.0,
      "hour_of_day_local_is_na": 0.0,
      "day_of_week_is_na": 0.0,
      "mid_chg_5m_is_na": 0.0,
      "spread_pct_is_na": 0.0,
      "vol_15m_is_na": 0.0,
      "temp_rollmax_3h_is_na": 0.0,
      "temp_rollmin_3h_is_na": 0.0,
      "temp_delta_1h_is_na": 0.0,
      "dewpoint_is_na": 0.0,
      "humidity_is_na": 0.0,
      "windspeed_is_na": 0.0,
      "ret_1m_is_na": 0.0,
      "ret_5m_is_na": 0.0,
      "ret_15m_is_na": 0.0,
      "vol_5m_is_na": 0.0,
      "vol_60m_is_na": 0.0,
      "volume_5m_is_na": 0.0,
      "volume_60m_avg_is_na": 0.0,
      "volume_ratio_is_na": 0.0,
      "log_minutes_to_close_is_na": 0.0,
      "minutes_to_close_squared_is_na": 0.0,
      "minutes_x_spread_is_na": 0.0,
      "minutes_x_temp_dist_is_na": 0.0,
      "mid_group_mean_is_na": 0.0,
      "mid_group_std_is_na": 0.0,
      "mid_group_min_is_na": 0.0,
      "mid_group_max_is_na": 0.0,
      "mid_zscore_is_na": 0.0,
      "mid_rank_pct_is_na": 0.0,
      "mid_rel_to_group_is_na": 0.0,
      "mid_to_best_diff_is_na": 0.0,
      "mid_to_worst_diff_is_na": 0.0,
      "volume_share_in_timestamp_is_na": 0.0,
      "market_prob_mid_is_na": 0.0,
      "market_prob_bid_is_na": 0.0,
      "market_prob_ask_is_na": 0.0,
      "market_logit_mid_is_na": 0.0,
      "market_edge_vs_even_is_na": 0.0,
      "minutes_since_midnight_local_is_na": 0.0,
      "doy_sin_is_na": 0.0,
      "doy_cos_is_na": 0.0,
      "is_weekend_is_na": 0.0,
      "strike_width_is_na": 0.0,
      "strike_midpoint_is_na": 0.0,
      "temp_to_midpoint_is_na": 0.0,
      "temp_position_in_bracket_is_na": 0.0,
      "prior_day_tmax_is_na": 0.0,
      "temp_change_from_yesterday_is_na": 0.0
    },
    "monotone_constraints": {
      "yes_mid": 0,
      "yes_bid": 0,
      "yes_ask": 0,
      "spread_cents": 0,
      "minutes_to_close": -1,
      "temp_now": 0,
      "temp_to_floor": 1,
      "temp_to_cap": 1,
      "hour_of_day_local": 0,
      "day_of_week": 0,
      "mid_chg_5m": 0,
      "spread_pct": 0,
      "vol_15m": 0,
      "temp_rollmax_3h": 0,
      "temp_rollmin_3h": 0,
      "temp_delta_1h": 0,
      "dewpoint": 0,
      "humidity": 0,
      "windspeed": 0,
      "ret_1m": 0,
      "ret_5m": 0,
      "ret_15m": 0,
      "vol_5m": 0,
      "vol_60m": 0,
      "volume_5m": 0,
      "volume_60m_avg": 0,
      "volume_ratio": 0,
      "log_minutes_to_close": -1,
      "minutes_to_close_squared": 0,
      "minutes_x_spread": 0,
      "minutes_x_temp_dist": 0,
      "mid_group_mean": 0,
      "mid_group_std": 0,
      "mid_group_min": 0,
      "mid_group_max": 0,
      "mid_zscore": 0,
      "mid_rank_pct": 0,
      "mid_rel_to_group": 0,
      "mid_to_best_diff": 0,
      "mid_to_worst_diff": 0,
      "volume_share_in_timestamp": 0,
      "market_prob_mid": 0,
      "market_prob_bid": 0,
      "market_prob_ask": 0,
      "market_logit_mid": 0,
      "market_edge_vs_even": 0,
      "minutes_since_midnight_local": 0,
      "doy_sin": 0,
      "doy_cos": 0,
      "is_weekend": 0,
      "strike_width": 0,
      "strike_midpoint": 0,
      "temp_to_midpoint": 0,
      "temp_position_in_bracket": 0,
      "prior_day_tmax": 0,
      "temp_change_from_yesterday": 0,
      "yes_bid_is_na": 0,
      "yes_ask_is_na": 0,
      "spread_cents_is_na": 0,
      "hour_of_day_local_is_na": 0,
      "day_of_week_is_na": 0,
      "mid_chg_5m_is_na": 0,
      "spread_pct_is_na": 0,
      "vol_15m_is_na": 0,
      "temp_rollmax_3h_is_na": 0,
      "temp_rollmin_3h_is_na": 0,
      "temp_delta_1h_is_na": 0,
      "dewpoint_is_na": 0,
      "humidity_is_na": 0,
      "windspeed_is_na": 0,
      "ret_1m_is_na": 0,
      "ret_5m_is_na": 0,
      "ret_15m_is_na": 0,
      "vol_5m_is_na": 0,
      "vol_60m_is_na": 0,
      "volume_5m_is_na": 0,
      "volume_60m_avg_is_na": 0,
      "volume_ratio_is_na": 0,
      "log_minutes_to_close_is_na": 0,
      "minutes_to_close_squared_is_na": 0,
      "minutes_x_spread_is_na": 0,
      "minutes_x_temp_dist_is_na": 0,
      "mid_group_mean_is_na": 0,
      "mid_group_std_is_na": 0,
      "mid_group_min_is_na": 0,
      "mid_group_max_is_na": 0,
      "mid_zscore_is_na": 0,
      "mid_rank_pct_is_na": 0,
      "mid_rel_to_group_is_na": 0,
      "mid_to_best_diff_is_na": 0,
      "mid_to_worst_diff_is_na": 0,
      "volume_share_in_timestamp_is_na": 0,
      "market_prob_mid_is_na": 0,
      "market_prob_bid_is_na": 0,
      "market_prob_ask_is_na": 0,
      "market_logit_mid_is_na": 0,
      "market_edge_vs_even_is_na": 0,
      "minutes_since_midnight_local_is_na": 0,
      "doy_sin_is_na": 0,
      "doy_cos_is_na": 0,
      "is_weekend_is_na": 0,
      "strike_width_is_na": 0,
      "strike_midpoint_is_na": 0,
      "temp_to_midpoint_is_na": 0,
      "temp_position_in_bracket_is_na": 0,
      "prior_day_tmax_is_na": 0,
      "temp_change_from_yesterday_is_na": 0
    }
  },
  "metrics": {
    "brier_score": 0.08248354093361933,
    "log_loss": 0.2797033949733405,
    "n_train": 94609,
    "n_test": 3085
  },
  "optuna": {
    "n_trials": 20,
    "best_value": 0.1191438367247001
  }
}