{
  "best_params": {
    "penalty": "elasticnet",
    "C": 0.17571838980708143,
    "l1_ratio": 0.27611255695747705,
    "class_weight": null
  },
  "calibration": "sigmoid",
  "n_trials": 30,
  "seed": 42
}