{
  "best_params": {
    "penalty": "elasticnet",
    "C": 0.0013874415884761984,
    "l1_ratio": 0.9889301082298874,
    "class_weight": null
  },
  "calibration": "isotonic",
  "n_trials": 60,
  "seed": 42
}