{
  "model_type": "catboost",
  "trained_at": "2025-11-28T08:25:28.862802",
  "n_train_samples": 2128,
  "n_train_days": 266,
  "best_params": {
    "depth": 7,
    "learning_rate": 0.15399968166391093,
    "l2_leaf_reg": 1.5193245218621076,
    "iterations": 276,
    "border_count": 90
  },
  "delta_classes": [
    -2,
    -1,
    0,
    1,
    2,
    3,
    4,
    5,
    6,
    7,
    8,
    9,
    10
  ],
  "calibrated": true
}