{
  "model_type": "catboost",
  "trained_at": "2025-11-28T08:20:19.279840",
  "n_train_samples": 2128,
  "n_train_days": 266,
  "best_params": {
    "depth": 5,
    "learning_rate": 0.16745449112875752,
    "l2_leaf_reg": 3.795043593216349,
    "iterations": 390,
    "border_count": 119
  },
  "delta_classes": [
    -2,
    -1,
    0,
    1,
    2,
    3,
    4,
    5,
    6,
    7,
    8,
    9,
    10
  ],
  "calibrated": true
}