{
  "best_params": {
    "penalty": "elasticnet",
    "C": 0.004845507059940642,
    "l1_ratio": 0.6462007226571996,
    "class_weight": null
  },
  "calibration": "isotonic",
  "n_trials": 60,
  "seed": 42
}