{
  "best_params": {
    "depth": 6,
    "min_data_in_leaf": 6,
    "l2_leaf_reg": 2.1049518304791515,
    "bagging_temperature": 0.9925885736717086,
    "learning_rate": 0.057559228842527524,
    "iterations": 971,
    "use_temp_to_floor": true,
    "use_temp_to_cap": true,
    "use_spread": true,
    "minutes_constraint": 1
  },
  "metadata": {
    "model_type": "catboost",
    "bracket_type": "between",
    "n_train": 58680,
    "n_cal": 14822,
    "calib_method": "isotonic",
    "feature_importance": {
      "yes_mid": 1.9583441670548203,
      "yes_bid": 0.0,
      "yes_ask": 0.0,
      "spread_cents": 0.0,
      "minutes_to_close": 0.018773417045891336,
      "temp_now": 0.10616421244207337,
      "temp_to_floor": 0.011104338078551127,
      "temp_to_cap": 0.01836391557952419,
      "hour_of_day_local": 0.10913140571700054,
      "day_of_week": 5.403873352109377,
      "mid_chg_5m": 0.10768939220162654,
      "spread_pct": 0.0,
      "vol_15m": 0.35718790811679935,
      "temp_rollmax_3h": 1.0361242106187867,
      "temp_rollmin_3h": 0.49997293601140863,
      "temp_delta_1h": 0.02716528909032089,
      "dewpoint": 2.2065752232722238,
      "humidity": 0.0,
      "windspeed": 0.08440758218578459,
      "ret_1m": 0.07113837034620932,
      "ret_5m": 0.05509558829607727,
      "ret_15m": 0.48473473536206885,
      "vol_5m": 0.09898547574154902,
      "vol_60m": 1.9153987878573788,
      "volume_5m": 0.04529725130243759,
      "volume_60m_avg": 1.3596087384702753,
      "volume_ratio": 0.0031398337957592487,
      "log_minutes_to_close": 0.008605752859224462,
      "minutes_to_close_squared": 1.3216069981496648,
      "minutes_x_spread": 0.0,
      "minutes_x_temp_dist": 0.49712503772354816,
      "mid_group_mean": 0.0743442391804424,
      "mid_group_std": 0.0023461930791881247,
      "mid_group_min": 0.045663790204143524,
      "mid_group_max": 0.12782535677149004,
      "mid_zscore": 0.03520738930705433,
      "mid_rank_pct": 0.027737009620842315,
      "mid_rel_to_group": 0.0342060744394893,
      "mid_to_best_diff": 0.03805929795858262,
      "mid_to_worst_diff": 0.02030025538382982,
      "volume_share_in_timestamp": 0.010683732374327827,
      "market_prob_mid": 1.4238632207911788,
      "market_prob_bid": 0.0,
      "market_prob_ask": 0.0,
      "market_logit_mid": 1.5035453543818311,
      "market_edge_vs_even": 1.3933264028417933,
      "minutes_since_midnight_local": 0.4411970925266364,
      "doy_sin": 12.213625660721675,
      "doy_cos": 13.104266041459459,
      "is_weekend": 0.3401103012621148,
      "strike_width": 0.0,
      "strike_midpoint": 46.520154086780586,
      "temp_to_midpoint": 0.3464360906246971,
      "temp_position_in_bracket": 0.1810611852440351,
      "prior_day_tmax": 4.117598687282472,
      "temp_change_from_yesterday": 0.1928286183357373,
      "yes_bid_is_na": 0.0,
      "yes_ask_is_na": 0.0,
      "spread_cents_is_na": 0.0,
      "hour_of_day_local_is_na": 0.0,
      "day_of_week_is_na": 0.0,
      "mid_chg_5m_is_na": 0.0,
      "spread_pct_is_na": 0.0,
      "vol_15m_is_na": 0.0,
      "temp_rollmax_3h_is_na": 0.0,
      "temp_rollmin_3h_is_na": 0.0,
      "temp_delta_1h_is_na": 0.0,
      "dewpoint_is_na": 0.0,
      "humidity_is_na": 0.0,
      "windspeed_is_na": 0.0,
      "ret_1m_is_na": 0.0,
      "ret_5m_is_na": 0.0,
      "ret_15m_is_na": 0.0,
      "vol_5m_is_na": 0.0,
      "vol_60m_is_na": 0.0,
      "volume_5m_is_na": 0.0,
      "volume_60m_avg_is_na": 0.0,
      "volume_ratio_is_na": 0.0,
      "log_minutes_to_close_is_na": 0.0,
      "minutes_to_close_squared_is_na": 0.0,
      "minutes_x_spread_is_na": 0.0,
      "minutes_x_temp_dist_is_na": 0.0,
      "mid_group_mean_is_na": 0.0,
      "mid_group_std_is_na": 0.0,
      "mid_group_min_is_na": 0.0,
      "mid_group_max_is_na": 0.0,
      "mid_zscore_is_na": 0.0,
      "mid_rank_pct_is_na": 0.0,
      "mid_rel_to_group_is_na": 0.0,
      "mid_to_best_diff_is_na": 0.0,
      "mid_to_worst_diff_is_na": 0.0,
      "volume_share_in_timestamp_is_na": 0.0,
      "market_prob_mid_is_na": 0.0,
      "market_prob_bid_is_na": 0.0,
      "market_prob_ask_is_na": 0.0,
      "market_logit_mid_is_na": 0.0,
      "market_edge_vs_even_is_na": 0.0,
      "minutes_since_midnight_local_is_na": 0.0,
      "doy_sin_is_na": 0.0,
      "doy_cos_is_na": 0.0,
      "is_weekend_is_na": 0.0,
      "strike_width_is_na": 0.0,
      "strike_midpoint_is_na": 0.0,
      "temp_to_midpoint_is_na": 0.0,
      "temp_position_in_bracket_is_na": 0.0,
      "prior_day_tmax_is_na": 0.0,
      "temp_change_from_yesterday_is_na": 0.0
    },
    "monotone_constraints": {
      "yes_mid": 0,
      "yes_bid": 0,
      "yes_ask": 0,
      "spread_cents": -1,
      "minutes_to_close": 1,
      "temp_now": 0,
      "temp_to_floor": 1,
      "temp_to_cap": 1,
      "hour_of_day_local": 0,
      "day_of_week": 0,
      "mid_chg_5m": 0,
      "spread_pct": 0,
      "vol_15m": 0,
      "temp_rollmax_3h": 0,
      "temp_rollmin_3h": 0,
      "temp_delta_1h": 0,
      "dewpoint": 0,
      "humidity": 0,
      "windspeed": 0,
      "ret_1m": 0,
      "ret_5m": 0,
      "ret_15m": 0,
      "vol_5m": 0,
      "vol_60m": 0,
      "volume_5m": 0,
      "volume_60m_avg": 0,
      "volume_ratio": 0,
      "log_minutes_to_close": 1,
      "minutes_to_close_squared": 0,
      "minutes_x_spread": 0,
      "minutes_x_temp_dist": 0,
      "mid_group_mean": 0,
      "mid_group_std": 0,
      "mid_group_min": 0,
      "mid_group_max": 0,
      "mid_zscore": 0,
      "mid_rank_pct": 0,
      "mid_rel_to_group": 0,
      "mid_to_best_diff": 0,
      "mid_to_worst_diff": 0,
      "volume_share_in_timestamp": 0,
      "market_prob_mid": 0,
      "market_prob_bid": 0,
      "market_prob_ask": 0,
      "market_logit_mid": 0,
      "market_edge_vs_even": 0,
      "minutes_since_midnight_local": 0,
      "doy_sin": 0,
      "doy_cos": 0,
      "is_weekend": 0,
      "strike_width": 0,
      "strike_midpoint": 0,
      "temp_to_midpoint": 0,
      "temp_position_in_bracket": 0,
      "prior_day_tmax": 0,
      "temp_change_from_yesterday": 0,
      "yes_bid_is_na": 0,
      "yes_ask_is_na": 0,
      "spread_cents_is_na": 0,
      "hour_of_day_local_is_na": 0,
      "day_of_week_is_na": 0,
      "mid_chg_5m_is_na": 0,
      "spread_pct_is_na": 0,
      "vol_15m_is_na": 0,
      "temp_rollmax_3h_is_na": 0,
      "temp_rollmin_3h_is_na": 0,
      "temp_delta_1h_is_na": 0,
      "dewpoint_is_na": 0,
      "humidity_is_na": 0,
      "windspeed_is_na": 0,
      "ret_1m_is_na": 0,
      "ret_5m_is_na": 0,
      "ret_15m_is_na": 0,
      "vol_5m_is_na": 0,
      "vol_60m_is_na": 0,
      "volume_5m_is_na": 0,
      "volume_60m_avg_is_na": 0,
      "volume_ratio_is_na": 0,
      "log_minutes_to_close_is_na": 0,
      "minutes_to_close_squared_is_na": 0,
      "minutes_x_spread_is_na": 0,
      "minutes_x_temp_dist_is_na": 0,
      "mid_group_mean_is_na": 0,
      "mid_group_std_is_na": 0,
      "mid_group_min_is_na": 0,
      "mid_group_max_is_na": 0,
      "mid_zscore_is_na": 0,
      "mid_rank_pct_is_na": 0,
      "mid_rel_to_group_is_na": 0,
      "mid_to_best_diff_is_na": 0,
      "mid_to_worst_diff_is_na": 0,
      "volume_share_in_timestamp_is_na": 0,
      "market_prob_mid_is_na": 0,
      "market_prob_bid_is_na": 0,
      "market_prob_ask_is_na": 0,
      "market_logit_mid_is_na": 0,
      "market_edge_vs_even_is_na": 0,
      "minutes_since_midnight_local_is_na": 0,
      "doy_sin_is_na": 0,
      "doy_cos_is_na": 0,
      "is_weekend_is_na": 0,
      "strike_width_is_na": 0,
      "strike_midpoint_is_na": 0,
      "temp_to_midpoint_is_na": 0,
      "temp_position_in_bracket_is_na": 0,
      "prior_day_tmax_is_na": 0,
      "temp_change_from_yesterday_is_na": 0
    }
  },
  "metrics": {
    "brier_score": 0.2508896320093292,
    "log_loss": 0.8859301622842285,
    "n_train": 73502,
    "n_test": 4439
  },
  "optuna": {
    "n_trials": 20,
    "best_value": 0.13914922593940304
  }
}