{
  "best_params": {
    "penalty": "elasticnet",
    "C": 0.0046004881853057055,
    "l1_ratio": 0.4307174526033215,
    "class_weight": null
  },
  "calibration": "sigmoid",
  "n_trials": 15,
  "seed": 42
}