{
  "best_params": {
    "depth": 6,
    "min_data_in_leaf": 11,
    "l2_leaf_reg": 2.536454553103503,
    "bagging_temperature": 0.8835169946780551,
    "learning_rate": 0.1627589907906464,
    "iterations": 874,
    "use_temp_to_floor": true,
    "use_temp_to_cap": true,
    "use_spread": true,
    "minutes_constraint": 1
  },
  "metadata": {
    "model_type": "catboost",
    "bracket_type": "between",
    "n_train": 52389,
    "n_cal": 14955,
    "calib_method": "isotonic",
    "feature_importance": {
      "yes_mid": 5.204157419865061,
      "yes_bid": 0.0,
      "yes_ask": 0.0,
      "spread_cents": 0.0,
      "minutes_to_close": 0.013996686891925361,
      "temp_now": 0.14749673311631445,
      "temp_to_floor": 0.02505146935920058,
      "temp_to_cap": 0.006007506077874953,
      "hour_of_day_local": 0.05601033350972991,
      "day_of_week": 3.6093812158229173,
      "mid_chg_5m": 0.10415430630263385,
      "spread_pct": 0.0,
      "vol_15m": 0.3105272774210556,
      "temp_rollmax_3h": 1.1034814446463024,
      "temp_rollmin_3h": 0.6447716032588371,
      "temp_delta_1h": 0.08807568999292144,
      "dewpoint": 2.2059316080925053,
      "humidity": 0.0,
      "windspeed": 0.26815553560014393,
      "ret_1m": 0.07818347642144713,
      "ret_5m": 0.06742416583749199,
      "ret_15m": 0.44482537040003356,
      "vol_5m": 0.12732540972110626,
      "vol_60m": 3.3989905622820378,
      "volume_5m": 0.07814759592803475,
      "volume_60m_avg": 1.6200716463541878,
      "volume_ratio": 0.028412200346488496,
      "log_minutes_to_close": 0.005723400167851363,
      "minutes_to_close_squared": 2.2132261258942516,
      "minutes_x_spread": 0.0,
      "minutes_x_temp_dist": 0.8043388785277726,
      "mid_group_mean": 0.11001960080098552,
      "mid_group_std": 0.004712395564327625,
      "mid_group_min": 0.03503651854872059,
      "mid_group_max": 0.08016806032360832,
      "mid_zscore": 0.08348591898142728,
      "mid_rank_pct": 0.06803338109152679,
      "mid_rel_to_group": 0.043913255043660455,
      "mid_to_best_diff": 0.036922630596291736,
      "mid_to_worst_diff": 0.006495168797352758,
      "volume_share_in_timestamp": 0.00827521377432865,
      "market_prob_mid": 0.4728900580771764,
      "market_prob_bid": 0.0,
      "market_prob_ask": 0.0,
      "market_logit_mid": 0.4224444919415829,
      "market_edge_vs_even": 0.40080462471103434,
      "minutes_since_midnight_local": 0.40930186382524825,
      "doy_sin": 12.073191649808697,
      "doy_cos": 7.247167873190698,
      "is_weekend": 0.6444315704351654,
      "strike_width": 0.0,
      "strike_midpoint": 45.8876240563577,
      "temp_to_midpoint": 0.6503380410040568,
      "temp_position_in_bracket": 0.1373044869427101,
      "prior_day_tmax": 8.003017002446024,
      "temp_change_from_yesterday": 0.5205544758995736,
      "yes_bid_is_na": 0.0,
      "yes_ask_is_na": 0.0,
      "spread_cents_is_na": 0.0,
      "hour_of_day_local_is_na": 0.0,
      "day_of_week_is_na": 0.0,
      "mid_chg_5m_is_na": 0.0,
      "spread_pct_is_na": 0.0,
      "vol_15m_is_na": 0.0,
      "temp_rollmax_3h_is_na": 0.0,
      "temp_rollmin_3h_is_na": 0.0,
      "temp_delta_1h_is_na": 0.0,
      "dewpoint_is_na": 0.0,
      "humidity_is_na": 0.0,
      "windspeed_is_na": 0.0,
      "ret_1m_is_na": 0.0,
      "ret_5m_is_na": 0.0,
      "ret_15m_is_na": 0.0,
      "vol_5m_is_na": 0.0,
      "vol_60m_is_na": 0.0,
      "volume_5m_is_na": 0.0,
      "volume_60m_avg_is_na": 0.0,
      "volume_ratio_is_na": 0.0,
      "log_minutes_to_close_is_na": 0.0,
      "minutes_to_close_squared_is_na": 0.0,
      "minutes_x_spread_is_na": 0.0,
      "minutes_x_temp_dist_is_na": 0.0,
      "mid_group_mean_is_na": 0.0,
      "mid_group_std_is_na": 0.0,
      "mid_group_min_is_na": 0.0,
      "mid_group_max_is_na": 0.0,
      "mid_zscore_is_na": 0.0,
      "mid_rank_pct_is_na": 0.0,
      "mid_rel_to_group_is_na": 0.0,
      "mid_to_best_diff_is_na": 0.0,
      "mid_to_worst_diff_is_na": 0.0,
      "volume_share_in_timestamp_is_na": 0.0,
      "market_prob_mid_is_na": 0.0,
      "market_prob_bid_is_na": 0.0,
      "market_prob_ask_is_na": 0.0,
      "market_logit_mid_is_na": 0.0,
      "market_edge_vs_even_is_na": 0.0,
      "minutes_since_midnight_local_is_na": 0.0,
      "doy_sin_is_na": 0.0,
      "doy_cos_is_na": 0.0,
      "is_weekend_is_na": 0.0,
      "strike_width_is_na": 0.0,
      "strike_midpoint_is_na": 0.0,
      "temp_to_midpoint_is_na": 0.0,
      "temp_position_in_bracket_is_na": 0.0,
      "prior_day_tmax_is_na": 0.0,
      "temp_change_from_yesterday_is_na": 0.0
    },
    "monotone_constraints": {
      "yes_mid": 0,
      "yes_bid": 0,
      "yes_ask": 0,
      "spread_cents": -1,
      "minutes_to_close": 1,
      "temp_now": 0,
      "temp_to_floor": 1,
      "temp_to_cap": 1,
      "hour_of_day_local": 0,
      "day_of_week": 0,
      "mid_chg_5m": 0,
      "spread_pct": 0,
      "vol_15m": 0,
      "temp_rollmax_3h": 0,
      "temp_rollmin_3h": 0,
      "temp_delta_1h": 0,
      "dewpoint": 0,
      "humidity": 0,
      "windspeed": 0,
      "ret_1m": 0,
      "ret_5m": 0,
      "ret_15m": 0,
      "vol_5m": 0,
      "vol_60m": 0,
      "volume_5m": 0,
      "volume_60m_avg": 0,
      "volume_ratio": 0,
      "log_minutes_to_close": 1,
      "minutes_to_close_squared": 0,
      "minutes_x_spread": 0,
      "minutes_x_temp_dist": 0,
      "mid_group_mean": 0,
      "mid_group_std": 0,
      "mid_group_min": 0,
      "mid_group_max": 0,
      "mid_zscore": 0,
      "mid_rank_pct": 0,
      "mid_rel_to_group": 0,
      "mid_to_best_diff": 0,
      "mid_to_worst_diff": 0,
      "volume_share_in_timestamp": 0,
      "market_prob_mid": 0,
      "market_prob_bid": 0,
      "market_prob_ask": 0,
      "market_logit_mid": 0,
      "market_edge_vs_even": 0,
      "minutes_since_midnight_local": 0,
      "doy_sin": 0,
      "doy_cos": 0,
      "is_weekend": 0,
      "strike_width": 0,
      "strike_midpoint": 0,
      "temp_to_midpoint": 0,
      "temp_position_in_bracket": 0,
      "prior_day_tmax": 0,
      "temp_change_from_yesterday": 0,
      "yes_bid_is_na": 0,
      "yes_ask_is_na": 0,
      "spread_cents_is_na": 0,
      "hour_of_day_local_is_na": 0,
      "day_of_week_is_na": 0,
      "mid_chg_5m_is_na": 0,
      "spread_pct_is_na": 0,
      "vol_15m_is_na": 0,
      "temp_rollmax_3h_is_na": 0,
      "temp_rollmin_3h_is_na": 0,
      "temp_delta_1h_is_na": 0,
      "dewpoint_is_na": 0,
      "humidity_is_na": 0,
      "windspeed_is_na": 0,
      "ret_1m_is_na": 0,
      "ret_5m_is_na": 0,
      "ret_15m_is_na": 0,
      "vol_5m_is_na": 0,
      "vol_60m_is_na": 0,
      "volume_5m_is_na": 0,
      "volume_60m_avg_is_na": 0,
      "volume_ratio_is_na": 0,
      "log_minutes_to_close_is_na": 0,
      "minutes_to_close_squared_is_na": 0,
      "minutes_x_spread_is_na": 0,
      "minutes_x_temp_dist_is_na": 0,
      "mid_group_mean_is_na": 0,
      "mid_group_std_is_na": 0,
      "mid_group_min_is_na": 0,
      "mid_group_max_is_na": 0,
      "mid_zscore_is_na": 0,
      "mid_rank_pct_is_na": 0,
      "mid_rel_to_group_is_na": 0,
      "mid_to_best_diff_is_na": 0,
      "mid_to_worst_diff_is_na": 0,
      "volume_share_in_timestamp_is_na": 0,
      "market_prob_mid_is_na": 0,
      "market_prob_bid_is_na": 0,
      "market_prob_ask_is_na": 0,
      "market_logit_mid_is_na": 0,
      "market_edge_vs_even_is_na": 0,
      "minutes_since_midnight_local_is_na": 0,
      "doy_sin_is_na": 0,
      "doy_cos_is_na": 0,
      "is_weekend_is_na": 0,
      "strike_width_is_na": 0,
      "strike_midpoint_is_na": 0,
      "temp_to_midpoint_is_na": 0,
      "temp_position_in_bracket_is_na": 0,
      "prior_day_tmax_is_na": 0,
      "temp_change_from_yesterday_is_na": 0
    }
  },
  "metrics": {
    "brier_score": 0.2333096135774917,
    "log_loss": 1.9349563503086484,
    "n_train": 67344,
    "n_test": 5665
  },
  "optuna": {
    "n_trials": 20,
    "best_value": 0.12757439146628188
  }
}