{
  "best_params": {
    "penalty": "elasticnet",
    "C": 0.06719878940953058,
    "l1_ratio": 0.006238349430780499,
    "class_weight": null
  },
  "calibration": "isotonic",
  "n_trials": 60,
  "seed": 42
}