{
  "best_params": {
    "penalty": "elasticnet",
    "C": 0.012871729720078188,
    "l1_ratio": 0.13424297840011112,
    "class_weight": null
  },
  "calibration": "sigmoid",
  "n_trials": 30,
  "seed": 42
}