{
  "best_params": {
    "depth": 8,
    "min_data_in_leaf": 29,
    "l2_leaf_reg": 3.2217219005140203,
    "bagging_temperature": 0.6947147856651803,
    "learning_rate": 0.05150143275033503,
    "iterations": 969,
    "use_temp_to_floor": false,
    "use_temp_to_cap": true,
    "use_spread": true,
    "minutes_constraint": -1
  },
  "metadata": {
    "model_type": "catboost",
    "bracket_type": "between",
    "n_train": 58180,
    "n_cal": 14640,
    "calib_method": "isotonic",
    "feature_importance": {
      "yes_mid": 2.2967930094985185,
      "yes_bid": 0.0,
      "yes_ask": 0.0,
      "spread_cents": 0.0,
      "minutes_to_close": 0.03830274533777316,
      "temp_now": 0.11124459203349349,
      "temp_to_floor": 0.34300146820928323,
      "temp_to_cap": 0.03436338851029272,
      "hour_of_day_local": 0.1316455130041231,
      "day_of_week": 7.022229876455055,
      "mid_chg_5m": 0.15297479887563337,
      "spread_pct": 0.0,
      "vol_15m": 0.463734774167444,
      "temp_rollmax_3h": 1.0733712181070738,
      "temp_rollmin_3h": 0.9991862481000798,
      "temp_delta_1h": 0.0754688113900978,
      "dewpoint": 3.1442572439632723,
      "humidity": 0.0,
      "windspeed": 0.229078091035348,
      "ret_1m": 0.10809341686140186,
      "ret_5m": 0.15284121265963413,
      "ret_15m": 0.4734535811321334,
      "vol_5m": 0.16094836541188667,
      "vol_60m": 3.050939385963459,
      "volume_5m": 0.037562346973858456,
      "volume_60m_avg": 1.8609506505996187,
      "volume_ratio": 0.020412103606557232,
      "log_minutes_to_close": 0.09596258062133374,
      "minutes_to_close_squared": 1.7158956882721068,
      "minutes_x_spread": 0.0,
      "minutes_x_temp_dist": 0.7991338756522224,
      "mid_group_mean": 0.14958114639142805,
      "mid_group_std": 0.014587715371268165,
      "mid_group_min": 0.040739334312619946,
      "mid_group_max": 0.04640499153281479,
      "mid_zscore": 0.06837411518125579,
      "mid_rank_pct": 0.04299076539079309,
      "mid_rel_to_group": 0.0815383599690485,
      "mid_to_best_diff": 0.04203404295385223,
      "mid_to_worst_diff": 0.015211373936290977,
      "volume_share_in_timestamp": 0.013506588619343509,
      "market_prob_mid": 2.3061134307364237,
      "market_prob_bid": 0.0,
      "market_prob_ask": 0.0,
      "market_logit_mid": 1.8733064423804544,
      "market_edge_vs_even": 2.071926556990853,
      "minutes_since_midnight_local": 0.5416260412152663,
      "doy_sin": 9.45312806838287,
      "doy_cos": 10.116639500525048,
      "is_weekend": 0.8188097157679244,
      "strike_width": 0.0,
      "strike_midpoint": 40.972390869932845,
      "temp_to_midpoint": 0.37190986471804527,
      "temp_position_in_bracket": 0.21828550749384093,
      "prior_day_tmax": 5.6934366811994455,
      "temp_change_from_yesterday": 0.4556139005565929,
      "yes_bid_is_na": 0.0,
      "yes_ask_is_na": 0.0,
      "spread_cents_is_na": 0.0,
      "hour_of_day_local_is_na": 0.0,
      "day_of_week_is_na": 0.0,
      "mid_chg_5m_is_na": 0.0,
      "spread_pct_is_na": 0.0,
      "vol_15m_is_na": 0.0,
      "temp_rollmax_3h_is_na": 0.0,
      "temp_rollmin_3h_is_na": 0.0,
      "temp_delta_1h_is_na": 0.0,
      "dewpoint_is_na": 0.0,
      "humidity_is_na": 0.0,
      "windspeed_is_na": 0.0,
      "ret_1m_is_na": 0.0,
      "ret_5m_is_na": 0.0,
      "ret_15m_is_na": 0.0,
      "vol_5m_is_na": 0.0,
      "vol_60m_is_na": 0.0,
      "volume_5m_is_na": 0.0,
      "volume_60m_avg_is_na": 0.0,
      "volume_ratio_is_na": 0.0,
      "log_minutes_to_close_is_na": 0.0,
      "minutes_to_close_squared_is_na": 0.0,
      "minutes_x_spread_is_na": 0.0,
      "minutes_x_temp_dist_is_na": 0.0,
      "mid_group_mean_is_na": 0.0,
      "mid_group_std_is_na": 0.0,
      "mid_group_min_is_na": 0.0,
      "mid_group_max_is_na": 0.0,
      "mid_zscore_is_na": 0.0,
      "mid_rank_pct_is_na": 0.0,
      "mid_rel_to_group_is_na": 0.0,
      "mid_to_best_diff_is_na": 0.0,
      "mid_to_worst_diff_is_na": 0.0,
      "volume_share_in_timestamp_is_na": 0.0,
      "market_prob_mid_is_na": 0.0,
      "market_prob_bid_is_na": 0.0,
      "market_prob_ask_is_na": 0.0,
      "market_logit_mid_is_na": 0.0,
      "market_edge_vs_even_is_na": 0.0,
      "minutes_since_midnight_local_is_na": 0.0,
      "doy_sin_is_na": 0.0,
      "doy_cos_is_na": 0.0,
      "is_weekend_is_na": 0.0,
      "strike_width_is_na": 0.0,
      "strike_midpoint_is_na": 0.0,
      "temp_to_midpoint_is_na": 0.0,
      "temp_position_in_bracket_is_na": 0.0,
      "prior_day_tmax_is_na": 0.0,
      "temp_change_from_yesterday_is_na": 0.0
    },
    "monotone_constraints": {
      "yes_mid": 0,
      "yes_bid": 0,
      "yes_ask": 0,
      "spread_cents": -1,
      "minutes_to_close": -1,
      "temp_now": 0,
      "temp_to_floor": 0,
      "temp_to_cap": 1,
      "hour_of_day_local": 0,
      "day_of_week": 0,
      "mid_chg_5m": 0,
      "spread_pct": 0,
      "vol_15m": 0,
      "temp_rollmax_3h": 0,
      "temp_rollmin_3h": 0,
      "temp_delta_1h": 0,
      "dewpoint": 0,
      "humidity": 0,
      "windspeed": 0,
      "ret_1m": 0,
      "ret_5m": 0,
      "ret_15m": 0,
      "vol_5m": 0,
      "vol_60m": 0,
      "volume_5m": 0,
      "volume_60m_avg": 0,
      "volume_ratio": 0,
      "log_minutes_to_close": -1,
      "minutes_to_close_squared": 0,
      "minutes_x_spread": 0,
      "minutes_x_temp_dist": 0,
      "mid_group_mean": 0,
      "mid_group_std": 0,
      "mid_group_min": 0,
      "mid_group_max": 0,
      "mid_zscore": 0,
      "mid_rank_pct": 0,
      "mid_rel_to_group": 0,
      "mid_to_best_diff": 0,
      "mid_to_worst_diff": 0,
      "volume_share_in_timestamp": 0,
      "market_prob_mid": 0,
      "market_prob_bid": 0,
      "market_prob_ask": 0,
      "market_logit_mid": 0,
      "market_edge_vs_even": 0,
      "minutes_since_midnight_local": 0,
      "doy_sin": 0,
      "doy_cos": 0,
      "is_weekend": 0,
      "strike_width": 0,
      "strike_midpoint": 0,
      "temp_to_midpoint": 0,
      "temp_position_in_bracket": 0,
      "prior_day_tmax": 0,
      "temp_change_from_yesterday": 0,
      "yes_bid_is_na": 0,
      "yes_ask_is_na": 0,
      "spread_cents_is_na": 0,
      "hour_of_day_local_is_na": 0,
      "day_of_week_is_na": 0,
      "mid_chg_5m_is_na": 0,
      "spread_pct_is_na": 0,
      "vol_15m_is_na": 0,
      "temp_rollmax_3h_is_na": 0,
      "temp_rollmin_3h_is_na": 0,
      "temp_delta_1h_is_na": 0,
      "dewpoint_is_na": 0,
      "humidity_is_na": 0,
      "windspeed_is_na": 0,
      "ret_1m_is_na": 0,
      "ret_5m_is_na": 0,
      "ret_15m_is_na": 0,
      "vol_5m_is_na": 0,
      "vol_60m_is_na": 0,
      "volume_5m_is_na": 0,
      "volume_60m_avg_is_na": 0,
      "volume_ratio_is_na": 0,
      "log_minutes_to_close_is_na": 0,
      "minutes_to_close_squared_is_na": 0,
      "minutes_x_spread_is_na": 0,
      "minutes_x_temp_dist_is_na": 0,
      "mid_group_mean_is_na": 0,
      "mid_group_std_is_na": 0,
      "mid_group_min_is_na": 0,
      "mid_group_max_is_na": 0,
      "mid_zscore_is_na": 0,
      "mid_rank_pct_is_na": 0,
      "mid_rel_to_group_is_na": 0,
      "mid_to_best_diff_is_na": 0,
      "mid_to_worst_diff_is_na": 0,
      "volume_share_in_timestamp_is_na": 0,
      "market_prob_mid_is_na": 0,
      "market_prob_bid_is_na": 0,
      "market_prob_ask_is_na": 0,
      "market_logit_mid_is_na": 0,
      "market_edge_vs_even_is_na": 0,
      "minutes_since_midnight_local_is_na": 0,
      "doy_sin_is_na": 0,
      "doy_cos_is_na": 0,
      "is_weekend_is_na": 0,
      "strike_width_is_na": 0,
      "strike_midpoint_is_na": 0,
      "temp_to_midpoint_is_na": 0,
      "temp_position_in_bracket_is_na": 0,
      "prior_day_tmax_is_na": 0,
      "temp_change_from_yesterday_is_na": 0
    }
  },
  "metrics": {
    "brier_score": 0.22218255471111092,
    "log_loss": 1.5392473239592273,
    "n_train": 72820,
    "n_test": 6070
  },
  "optuna": {
    "n_trials": 20,
    "best_value": 0.14221157553168778
  }
}