{
  "best_params": {
    "depth": 3,
    "min_data_in_leaf": 38,
    "l2_leaf_reg": 2.1809213967075745,
    "bagging_temperature": 0.48981432154070054,
    "learning_rate": 0.12438646675521166,
    "iterations": 446,
    "use_temp_to_floor": true,
    "use_temp_to_cap": false,
    "use_spread": false,
    "minutes_constraint": -1
  },
  "metadata": {
    "model_type": "catboost",
    "bracket_type": "between",
    "n_train": 55966,
    "n_cal": 11136,
    "calib_method": "isotonic",
    "feature_importance": {
      "yes_mid": 2.1284399667519907,
      "yes_bid": 0.0,
      "yes_ask": 0.0,
      "spread_cents": 0.0,
      "minutes_to_close": 0.0,
      "temp_now": 0.10472703928168017,
      "temp_to_floor": 0.19491142593864566,
      "temp_to_cap": 0.42251801975466685,
      "hour_of_day_local": 0.0,
      "day_of_week": 2.088065767197706,
      "mid_chg_5m": 0.12136680800102133,
      "spread_pct": 0.0,
      "vol_15m": 0.217888235656025,
      "temp_rollmax_3h": 0.39270445908647056,
      "temp_rollmin_3h": 0.7076261982164869,
      "temp_delta_1h": 0.029895420881674153,
      "dewpoint": 2.158219171149489,
      "humidity": 0.0,
      "windspeed": 0.07063985137952532,
      "ret_1m": 0.040065707305555004,
      "ret_5m": 0.021209263828303866,
      "ret_15m": 0.24459595277256582,
      "vol_5m": 0.026246611129008623,
      "vol_60m": 2.0929445655188577,
      "volume_5m": 0.03893799730955787,
      "volume_60m_avg": 0.9591022474466252,
      "volume_ratio": 0.0,
      "log_minutes_to_close": 0.018210623966460848,
      "minutes_to_close_squared": 0.42055073399570925,
      "minutes_x_spread": 0.0,
      "minutes_x_temp_dist": 0.22164713923647303,
      "mid_group_mean": 0.02703250315049738,
      "mid_group_std": 0.0,
      "mid_group_min": 0.0,
      "mid_group_max": 0.03233590488469396,
      "mid_zscore": 0.026694909930320247,
      "mid_rank_pct": 0.0,
      "mid_rel_to_group": 0.019122251793924565,
      "mid_to_best_diff": 0.061262372242284695,
      "mid_to_worst_diff": 0.007795038785843057,
      "volume_share_in_timestamp": 0.0,
      "market_prob_mid": 1.5838758900373913,
      "market_prob_bid": 0.0,
      "market_prob_ask": 0.0,
      "market_logit_mid": 2.531099779079088,
      "market_edge_vs_even": 1.5248312913349646,
      "minutes_since_midnight_local": 0.04122913879970776,
      "doy_sin": 7.461671281696066,
      "doy_cos": 7.738273313059554,
      "is_weekend": 0.07655659203484408,
      "strike_width": 0.0,
      "strike_midpoint": 56.54082324066122,
      "temp_to_midpoint": 0.2299282621680001,
      "temp_position_in_bracket": 0.08880883152248654,
      "prior_day_tmax": 8.528190944617547,
      "temp_change_from_yesterday": 0.7599552483970218,
      "yes_bid_is_na": 0.0,
      "yes_ask_is_na": 0.0,
      "spread_cents_is_na": 0.0,
      "hour_of_day_local_is_na": 0.0,
      "day_of_week_is_na": 0.0,
      "mid_chg_5m_is_na": 0.0,
      "spread_pct_is_na": 0.0,
      "vol_15m_is_na": 0.0,
      "temp_rollmax_3h_is_na": 0.0,
      "temp_rollmin_3h_is_na": 0.0,
      "temp_delta_1h_is_na": 0.0,
      "dewpoint_is_na": 0.0,
      "humidity_is_na": 0.0,
      "windspeed_is_na": 0.0,
      "ret_1m_is_na": 0.0,
      "ret_5m_is_na": 0.0,
      "ret_15m_is_na": 0.0,
      "vol_5m_is_na": 0.0,
      "vol_60m_is_na": 0.0,
      "volume_5m_is_na": 0.0,
      "volume_60m_avg_is_na": 0.0,
      "volume_ratio_is_na": 0.0,
      "log_minutes_to_close_is_na": 0.0,
      "minutes_to_close_squared_is_na": 0.0,
      "minutes_x_spread_is_na": 0.0,
      "minutes_x_temp_dist_is_na": 0.0,
      "mid_group_mean_is_na": 0.0,
      "mid_group_std_is_na": 0.0,
      "mid_group_min_is_na": 0.0,
      "mid_group_max_is_na": 0.0,
      "mid_zscore_is_na": 0.0,
      "mid_rank_pct_is_na": 0.0,
      "mid_rel_to_group_is_na": 0.0,
      "mid_to_best_diff_is_na": 0.0,
      "mid_to_worst_diff_is_na": 0.0,
      "volume_share_in_timestamp_is_na": 0.0,
      "market_prob_mid_is_na": 0.0,
      "market_prob_bid_is_na": 0.0,
      "market_prob_ask_is_na": 0.0,
      "market_logit_mid_is_na": 0.0,
      "market_edge_vs_even_is_na": 0.0,
      "minutes_since_midnight_local_is_na": 0.0,
      "doy_sin_is_na": 0.0,
      "doy_cos_is_na": 0.0,
      "is_weekend_is_na": 0.0,
      "strike_width_is_na": 0.0,
      "strike_midpoint_is_na": 0.0,
      "temp_to_midpoint_is_na": 0.0,
      "temp_position_in_bracket_is_na": 0.0,
      "prior_day_tmax_is_na": 0.0,
      "temp_change_from_yesterday_is_na": 0.0
    },
    "monotone_constraints": {
      "yes_mid": 0,
      "yes_bid": 0,
      "yes_ask": 0,
      "spread_cents": 0,
      "minutes_to_close": -1,
      "temp_now": 0,
      "temp_to_floor": 1,
      "temp_to_cap": 0,
      "hour_of_day_local": 0,
      "day_of_week": 0,
      "mid_chg_5m": 0,
      "spread_pct": 0,
      "vol_15m": 0,
      "temp_rollmax_3h": 0,
      "temp_rollmin_3h": 0,
      "temp_delta_1h": 0,
      "dewpoint": 0,
      "humidity": 0,
      "windspeed": 0,
      "ret_1m": 0,
      "ret_5m": 0,
      "ret_15m": 0,
      "vol_5m": 0,
      "vol_60m": 0,
      "volume_5m": 0,
      "volume_60m_avg": 0,
      "volume_ratio": 0,
      "log_minutes_to_close": -1,
      "minutes_to_close_squared": 0,
      "minutes_x_spread": 0,
      "minutes_x_temp_dist": 0,
      "mid_group_mean": 0,
      "mid_group_std": 0,
      "mid_group_min": 0,
      "mid_group_max": 0,
      "mid_zscore": 0,
      "mid_rank_pct": 0,
      "mid_rel_to_group": 0,
      "mid_to_best_diff": 0,
      "mid_to_worst_diff": 0,
      "volume_share_in_timestamp": 0,
      "market_prob_mid": 0,
      "market_prob_bid": 0,
      "market_prob_ask": 0,
      "market_logit_mid": 0,
      "market_edge_vs_even": 0,
      "minutes_since_midnight_local": 0,
      "doy_sin": 0,
      "doy_cos": 0,
      "is_weekend": 0,
      "strike_width": 0,
      "strike_midpoint": 0,
      "temp_to_midpoint": 0,
      "temp_position_in_bracket": 0,
      "prior_day_tmax": 0,
      "temp_change_from_yesterday": 0,
      "yes_bid_is_na": 0,
      "yes_ask_is_na": 0,
      "spread_cents_is_na": 0,
      "hour_of_day_local_is_na": 0,
      "day_of_week_is_na": 0,
      "mid_chg_5m_is_na": 0,
      "spread_pct_is_na": 0,
      "vol_15m_is_na": 0,
      "temp_rollmax_3h_is_na": 0,
      "temp_rollmin_3h_is_na": 0,
      "temp_delta_1h_is_na": 0,
      "dewpoint_is_na": 0,
      "humidity_is_na": 0,
      "windspeed_is_na": 0,
      "ret_1m_is_na": 0,
      "ret_5m_is_na": 0,
      "ret_15m_is_na": 0,
      "vol_5m_is_na": 0,
      "vol_60m_is_na": 0,
      "volume_5m_is_na": 0,
      "volume_60m_avg_is_na": 0,
      "volume_ratio_is_na": 0,
      "log_minutes_to_close_is_na": 0,
      "minutes_to_close_squared_is_na": 0,
      "minutes_x_spread_is_na": 0,
      "minutes_x_temp_dist_is_na": 0,
      "mid_group_mean_is_na": 0,
      "mid_group_std_is_na": 0,
      "mid_group_min_is_na": 0,
      "mid_group_max_is_na": 0,
      "mid_zscore_is_na": 0,
      "mid_rank_pct_is_na": 0,
      "mid_rel_to_group_is_na": 0,
      "mid_to_best_diff_is_na": 0,
      "mid_to_worst_diff_is_na": 0,
      "volume_share_in_timestamp_is_na": 0,
      "market_prob_mid_is_na": 0,
      "market_prob_bid_is_na": 0,
      "market_prob_ask_is_na": 0,
      "market_logit_mid_is_na": 0,
      "market_edge_vs_even_is_na": 0,
      "minutes_since_midnight_local_is_na": 0,
      "doy_sin_is_na": 0,
      "doy_cos_is_na": 0,
      "is_weekend_is_na": 0,
      "strike_width_is_na": 0,
      "strike_midpoint_is_na": 0,
      "temp_to_midpoint_is_na": 0,
      "temp_position_in_bracket_is_na": 0,
      "prior_day_tmax_is_na": 0,
      "temp_change_from_yesterday_is_na": 0
    }
  },
  "metrics": {
    "brier_score": 0.2187358500896229,
    "log_loss": 2.7940391156723403,
    "n_train": 67102,
    "n_test": 4732
  },
  "optuna": {
    "n_trials": 20,
    "best_value": 0.13338521497007855
  }
}