{
  "best_params": {
    "penalty": "elasticnet",
    "C": 0.006786167255686726,
    "l1_ratio": 0.6374147860717206,
    "class_weight": null
  },
  "calibration": "sigmoid",
  "n_trials": 15,
  "seed": 42
}