{
  "best_params": {
    "depth": 3,
    "min_data_in_leaf": 36,
    "l2_leaf_reg": 5.764810670114668,
    "bagging_temperature": 0.5612771975694962,
    "learning_rate": 0.13766134492174428,
    "iterations": 544,
    "use_temp_to_floor": true,
    "use_temp_to_cap": false,
    "use_spread": false,
    "minutes_constraint": 1
  },
  "metadata": {
    "model_type": "catboost",
    "bracket_type": "between",
    "n_train": 53543,
    "n_cal": 13040,
    "calib_method": "isotonic",
    "feature_importance": {
      "yes_mid": 2.6749930456872173,
      "yes_bid": 0.0,
      "yes_ask": 0.0,
      "spread_cents": 0.0,
      "minutes_to_close": 0.0018555428249676746,
      "temp_now": 0.006314685952023636,
      "temp_to_floor": 0.06153110696093266,
      "temp_to_cap": 0.4362964594590924,
      "hour_of_day_local": 0.023579873703341064,
      "day_of_week": 2.47478793826327,
      "mid_chg_5m": 0.05926477073795527,
      "spread_pct": 0.0,
      "vol_15m": 0.0566198388493175,
      "temp_rollmax_3h": 0.2981889513801633,
      "temp_rollmin_3h": 0.23704735695231044,
      "temp_delta_1h": 0.016921455175979115,
      "dewpoint": 0.8708917182899976,
      "humidity": 0.0,
      "windspeed": 0.30766186478951296,
      "ret_1m": 0.007460319786843588,
      "ret_5m": 0.031872946893377455,
      "ret_15m": 0.10765719735964187,
      "vol_5m": 0.0,
      "vol_60m": 1.849658248078438,
      "volume_5m": 0.0036368943174474545,
      "volume_60m_avg": 0.9889494996466615,
      "volume_ratio": 0.0022557915615874107,
      "log_minutes_to_close": 0.0,
      "minutes_to_close_squared": 0.35198161949311,
      "minutes_x_spread": 0.0,
      "minutes_x_temp_dist": 0.2963774440310058,
      "mid_group_mean": 0.04717745710222843,
      "mid_group_std": 0.0,
      "mid_group_min": 0.00869259368240389,
      "mid_group_max": 0.022053199684174157,
      "mid_zscore": 0.020455455642555423,
      "mid_rank_pct": 0.036716144063971536,
      "mid_rel_to_group": 0.012424697422165785,
      "mid_to_best_diff": 0.0,
      "mid_to_worst_diff": 0.01049467821139225,
      "volume_share_in_timestamp": 0.005863305822996173,
      "market_prob_mid": 1.2563632257190338,
      "market_prob_bid": 0.0,
      "market_prob_ask": 0.0,
      "market_logit_mid": 1.3072784735488314,
      "market_edge_vs_even": 0.8865406605085877,
      "minutes_since_midnight_local": 0.18971015886659978,
      "doy_sin": 14.390089239137051,
      "doy_cos": 12.557297585173538,
      "is_weekend": 0.011396091433067228,
      "strike_width": 0.0,
      "strike_midpoint": 53.04334308597288,
      "temp_to_midpoint": 0.15925055785772416,
      "temp_position_in_bracket": 0.08672884723926284,
      "prior_day_tmax": 4.400221690967517,
      "temp_change_from_yesterday": 0.38209828174980687,
      "yes_bid_is_na": 0.0,
      "yes_ask_is_na": 0.0,
      "spread_cents_is_na": 0.0,
      "hour_of_day_local_is_na": 0.0,
      "day_of_week_is_na": 0.0,
      "mid_chg_5m_is_na": 0.0,
      "spread_pct_is_na": 0.0,
      "vol_15m_is_na": 0.0,
      "temp_rollmax_3h_is_na": 0.0,
      "temp_rollmin_3h_is_na": 0.0,
      "temp_delta_1h_is_na": 0.0,
      "dewpoint_is_na": 0.0,
      "humidity_is_na": 0.0,
      "windspeed_is_na": 0.0,
      "ret_1m_is_na": 0.0,
      "ret_5m_is_na": 0.0,
      "ret_15m_is_na": 0.0,
      "vol_5m_is_na": 0.0,
      "vol_60m_is_na": 0.0,
      "volume_5m_is_na": 0.0,
      "volume_60m_avg_is_na": 0.0,
      "volume_ratio_is_na": 0.0,
      "log_minutes_to_close_is_na": 0.0,
      "minutes_to_close_squared_is_na": 0.0,
      "minutes_x_spread_is_na": 0.0,
      "minutes_x_temp_dist_is_na": 0.0,
      "mid_group_mean_is_na": 0.0,
      "mid_group_std_is_na": 0.0,
      "mid_group_min_is_na": 0.0,
      "mid_group_max_is_na": 0.0,
      "mid_zscore_is_na": 0.0,
      "mid_rank_pct_is_na": 0.0,
      "mid_rel_to_group_is_na": 0.0,
      "mid_to_best_diff_is_na": 0.0,
      "mid_to_worst_diff_is_na": 0.0,
      "volume_share_in_timestamp_is_na": 0.0,
      "market_prob_mid_is_na": 0.0,
      "market_prob_bid_is_na": 0.0,
      "market_prob_ask_is_na": 0.0,
      "market_logit_mid_is_na": 0.0,
      "market_edge_vs_even_is_na": 0.0,
      "minutes_since_midnight_local_is_na": 0.0,
      "doy_sin_is_na": 0.0,
      "doy_cos_is_na": 0.0,
      "is_weekend_is_na": 0.0,
      "strike_width_is_na": 0.0,
      "strike_midpoint_is_na": 0.0,
      "temp_to_midpoint_is_na": 0.0,
      "temp_position_in_bracket_is_na": 0.0,
      "prior_day_tmax_is_na": 0.0,
      "temp_change_from_yesterday_is_na": 0.0
    },
    "monotone_constraints": {
      "yes_mid": 0,
      "yes_bid": 0,
      "yes_ask": 0,
      "spread_cents": 0,
      "minutes_to_close": 1,
      "temp_now": 0,
      "temp_to_floor": 1,
      "temp_to_cap": 0,
      "hour_of_day_local": 0,
      "day_of_week": 0,
      "mid_chg_5m": 0,
      "spread_pct": 0,
      "vol_15m": 0,
      "temp_rollmax_3h": 0,
      "temp_rollmin_3h": 0,
      "temp_delta_1h": 0,
      "dewpoint": 0,
      "humidity": 0,
      "windspeed": 0,
      "ret_1m": 0,
      "ret_5m": 0,
      "ret_15m": 0,
      "vol_5m": 0,
      "vol_60m": 0,
      "volume_5m": 0,
      "volume_60m_avg": 0,
      "volume_ratio": 0,
      "log_minutes_to_close": 1,
      "minutes_to_close_squared": 0,
      "minutes_x_spread": 0,
      "minutes_x_temp_dist": 0,
      "mid_group_mean": 0,
      "mid_group_std": 0,
      "mid_group_min": 0,
      "mid_group_max": 0,
      "mid_zscore": 0,
      "mid_rank_pct": 0,
      "mid_rel_to_group": 0,
      "mid_to_best_diff": 0,
      "mid_to_worst_diff": 0,
      "volume_share_in_timestamp": 0,
      "market_prob_mid": 0,
      "market_prob_bid": 0,
      "market_prob_ask": 0,
      "market_logit_mid": 0,
      "market_edge_vs_even": 0,
      "minutes_since_midnight_local": 0,
      "doy_sin": 0,
      "doy_cos": 0,
      "is_weekend": 0,
      "strike_width": 0,
      "strike_midpoint": 0,
      "temp_to_midpoint": 0,
      "temp_position_in_bracket": 0,
      "prior_day_tmax": 0,
      "temp_change_from_yesterday": 0,
      "yes_bid_is_na": 0,
      "yes_ask_is_na": 0,
      "spread_cents_is_na": 0,
      "hour_of_day_local_is_na": 0,
      "day_of_week_is_na": 0,
      "mid_chg_5m_is_na": 0,
      "spread_pct_is_na": 0,
      "vol_15m_is_na": 0,
      "temp_rollmax_3h_is_na": 0,
      "temp_rollmin_3h_is_na": 0,
      "temp_delta_1h_is_na": 0,
      "dewpoint_is_na": 0,
      "humidity_is_na": 0,
      "windspeed_is_na": 0,
      "ret_1m_is_na": 0,
      "ret_5m_is_na": 0,
      "ret_15m_is_na": 0,
      "vol_5m_is_na": 0,
      "vol_60m_is_na": 0,
      "volume_5m_is_na": 0,
      "volume_60m_avg_is_na": 0,
      "volume_ratio_is_na": 0,
      "log_minutes_to_close_is_na": 0,
      "minutes_to_close_squared_is_na": 0,
      "minutes_x_spread_is_na": 0,
      "minutes_x_temp_dist_is_na": 0,
      "mid_group_mean_is_na": 0,
      "mid_group_std_is_na": 0,
      "mid_group_min_is_na": 0,
      "mid_group_max_is_na": 0,
      "mid_zscore_is_na": 0,
      "mid_rank_pct_is_na": 0,
      "mid_rel_to_group_is_na": 0,
      "mid_to_best_diff_is_na": 0,
      "mid_to_worst_diff_is_na": 0,
      "volume_share_in_timestamp_is_na": 0,
      "market_prob_mid_is_na": 0,
      "market_prob_bid_is_na": 0,
      "market_prob_ask_is_na": 0,
      "market_logit_mid_is_na": 0,
      "market_edge_vs_even_is_na": 0,
      "minutes_since_midnight_local_is_na": 0,
      "doy_sin_is_na": 0,
      "doy_cos_is_na": 0,
      "is_weekend_is_na": 0,
      "strike_width_is_na": 0,
      "strike_midpoint_is_na": 0,
      "temp_to_midpoint_is_na": 0,
      "temp_position_in_bracket_is_na": 0,
      "prior_day_tmax_is_na": 0,
      "temp_change_from_yesterday_is_na": 0
    }
  },
  "metrics": {
    "brier_score": 0.20022848381646782,
    "log_loss": 0.7578052283659644,
    "n_train": 66583,
    "n_test": 4663
  },
  "optuna": {
    "n_trials": 20,
    "best_value": 0.09588760487649024
  }
}