{
  "best_params": {
    "penalty": "elasticnet",
    "C": 0.0019105752816238164,
    "l1_ratio": 0.6204860245285794,
    "class_weight": null
  },
  "calibration": "isotonic",
  "n_trials": 60,
  "seed": 42
}