{
  "best_params": {
    "penalty": "elasticnet",
    "C": 0.0013646070497776597,
    "l1_ratio": 0.9685568623964937,
    "class_weight": null
  },
  "calibration": "isotonic",
  "n_trials": 60,
  "seed": 42
}