{
  "best_params": {
    "depth": 6,
    "min_data_in_leaf": 22,
    "l2_leaf_reg": 2.220437330422047,
    "bagging_temperature": 0.6677924495840923,
    "learning_rate": 0.07097783577505482,
    "iterations": 291,
    "use_temp_to_floor": false,
    "use_temp_to_cap": true,
    "use_spread": true,
    "minutes_constraint": -1
  },
  "metadata": {
    "model_type": "catboost",
    "bracket_type": "between",
    "n_train": 50844,
    "n_cal": 14427,
    "calib_method": "isotonic",
    "feature_importance": {
      "yes_mid": 3.3023798482646196,
      "yes_bid": 0.0,
      "yes_ask": 0.0,
      "spread_cents": 0.0,
      "minutes_to_close": 0.0064761035688774594,
      "temp_now": 0.12947246507561283,
      "temp_to_floor": 0.365480606902219,
      "temp_to_cap": 0.06566722649482466,
      "hour_of_day_local": 0.06401933495164132,
      "day_of_week": 3.187569470510055,
      "mid_chg_5m": 0.10954458302696522,
      "spread_pct": 0.0,
      "vol_15m": 0.17124596164972974,
      "temp_rollmax_3h": 0.5668465858673429,
      "temp_rollmin_3h": 0.8440661935949878,
      "temp_delta_1h": 0.008798166939110437,
      "dewpoint": 1.7396939904539424,
      "humidity": 0.0,
      "windspeed": 0.7306574775114059,
      "ret_1m": 0.02443952889445332,
      "ret_5m": 0.02279270389833389,
      "ret_15m": 0.22482682801438297,
      "vol_5m": 0.0,
      "vol_60m": 1.9620128283267657,
      "volume_5m": 0.011142889368431068,
      "volume_60m_avg": 0.699667076683706,
      "volume_ratio": 0.022829692278817176,
      "log_minutes_to_close": 0.09523436047607527,
      "minutes_to_close_squared": 0.8342966439060722,
      "minutes_x_spread": 0.0,
      "minutes_x_temp_dist": 0.3817784663317056,
      "mid_group_mean": 0.0,
      "mid_group_std": 0.0,
      "mid_group_min": 0.04804556200826584,
      "mid_group_max": 0.00908702787352918,
      "mid_zscore": 0.006089741325951084,
      "mid_rank_pct": 0.0037846366369270624,
      "mid_rel_to_group": 0.016877531304218568,
      "mid_to_best_diff": 0.0292126613239155,
      "mid_to_worst_diff": 0.005722333665555251,
      "volume_share_in_timestamp": 0.006074090793362032,
      "market_prob_mid": 2.143864758076446,
      "market_prob_bid": 0.0,
      "market_prob_ask": 0.0,
      "market_logit_mid": 1.9584147552385358,
      "market_edge_vs_even": 1.4624278352914735,
      "minutes_since_midnight_local": 0.25585901142789524,
      "doy_sin": 15.384064943814636,
      "doy_cos": 11.428021762725356,
      "is_weekend": 0.19808850461044733,
      "strike_width": 0.0,
      "strike_midpoint": 41.4074495894172,
      "temp_to_midpoint": 0.43768458495023976,
      "temp_position_in_bracket": 0.5923327694217699,
      "prior_day_tmax": 8.035164259359124,
      "temp_change_from_yesterday": 1.0007946077450676,
      "yes_bid_is_na": 0.0,
      "yes_ask_is_na": 0.0,
      "spread_cents_is_na": 0.0,
      "hour_of_day_local_is_na": 0.0,
      "day_of_week_is_na": 0.0,
      "mid_chg_5m_is_na": 0.0,
      "spread_pct_is_na": 0.0,
      "vol_15m_is_na": 0.0,
      "temp_rollmax_3h_is_na": 0.0,
      "temp_rollmin_3h_is_na": 0.0,
      "temp_delta_1h_is_na": 0.0,
      "dewpoint_is_na": 0.0,
      "humidity_is_na": 0.0,
      "windspeed_is_na": 0.0,
      "ret_1m_is_na": 0.0,
      "ret_5m_is_na": 0.0,
      "ret_15m_is_na": 0.0,
      "vol_5m_is_na": 0.0,
      "vol_60m_is_na": 0.0,
      "volume_5m_is_na": 0.0,
      "volume_60m_avg_is_na": 0.0,
      "volume_ratio_is_na": 0.0,
      "log_minutes_to_close_is_na": 0.0,
      "minutes_to_close_squared_is_na": 0.0,
      "minutes_x_spread_is_na": 0.0,
      "minutes_x_temp_dist_is_na": 0.0,
      "mid_group_mean_is_na": 0.0,
      "mid_group_std_is_na": 0.0,
      "mid_group_min_is_na": 0.0,
      "mid_group_max_is_na": 0.0,
      "mid_zscore_is_na": 0.0,
      "mid_rank_pct_is_na": 0.0,
      "mid_rel_to_group_is_na": 0.0,
      "mid_to_best_diff_is_na": 0.0,
      "mid_to_worst_diff_is_na": 0.0,
      "volume_share_in_timestamp_is_na": 0.0,
      "market_prob_mid_is_na": 0.0,
      "market_prob_bid_is_na": 0.0,
      "market_prob_ask_is_na": 0.0,
      "market_logit_mid_is_na": 0.0,
      "market_edge_vs_even_is_na": 0.0,
      "minutes_since_midnight_local_is_na": 0.0,
      "doy_sin_is_na": 0.0,
      "doy_cos_is_na": 0.0,
      "is_weekend_is_na": 0.0,
      "strike_width_is_na": 0.0,
      "strike_midpoint_is_na": 0.0,
      "temp_to_midpoint_is_na": 0.0,
      "temp_position_in_bracket_is_na": 0.0,
      "prior_day_tmax_is_na": 0.0,
      "temp_change_from_yesterday_is_na": 0.0
    },
    "monotone_constraints": {
      "yes_mid": 0,
      "yes_bid": 0,
      "yes_ask": 0,
      "spread_cents": -1,
      "minutes_to_close": -1,
      "temp_now": 0,
      "temp_to_floor": 0,
      "temp_to_cap": 1,
      "hour_of_day_local": 0,
      "day_of_week": 0,
      "mid_chg_5m": 0,
      "spread_pct": 0,
      "vol_15m": 0,
      "temp_rollmax_3h": 0,
      "temp_rollmin_3h": 0,
      "temp_delta_1h": 0,
      "dewpoint": 0,
      "humidity": 0,
      "windspeed": 0,
      "ret_1m": 0,
      "ret_5m": 0,
      "ret_15m": 0,
      "vol_5m": 0,
      "vol_60m": 0,
      "volume_5m": 0,
      "volume_60m_avg": 0,
      "volume_ratio": 0,
      "log_minutes_to_close": -1,
      "minutes_to_close_squared": 0,
      "minutes_x_spread": 0,
      "minutes_x_temp_dist": 0,
      "mid_group_mean": 0,
      "mid_group_std": 0,
      "mid_group_min": 0,
      "mid_group_max": 0,
      "mid_zscore": 0,
      "mid_rank_pct": 0,
      "mid_rel_to_group": 0,
      "mid_to_best_diff": 0,
      "mid_to_worst_diff": 0,
      "volume_share_in_timestamp": 0,
      "market_prob_mid": 0,
      "market_prob_bid": 0,
      "market_prob_ask": 0,
      "market_logit_mid": 0,
      "market_edge_vs_even": 0,
      "minutes_since_midnight_local": 0,
      "doy_sin": 0,
      "doy_cos": 0,
      "is_weekend": 0,
      "strike_width": 0,
      "strike_midpoint": 0,
      "temp_to_midpoint": 0,
      "temp_position_in_bracket": 0,
      "prior_day_tmax": 0,
      "temp_change_from_yesterday": 0,
      "yes_bid_is_na": 0,
      "yes_ask_is_na": 0,
      "spread_cents_is_na": 0,
      "hour_of_day_local_is_na": 0,
      "day_of_week_is_na": 0,
      "mid_chg_5m_is_na": 0,
      "spread_pct_is_na": 0,
      "vol_15m_is_na": 0,
      "temp_rollmax_3h_is_na": 0,
      "temp_rollmin_3h_is_na": 0,
      "temp_delta_1h_is_na": 0,
      "dewpoint_is_na": 0,
      "humidity_is_na": 0,
      "windspeed_is_na": 0,
      "ret_1m_is_na": 0,
      "ret_5m_is_na": 0,
      "ret_15m_is_na": 0,
      "vol_5m_is_na": 0,
      "vol_60m_is_na": 0,
      "volume_5m_is_na": 0,
      "volume_60m_avg_is_na": 0,
      "volume_ratio_is_na": 0,
      "log_minutes_to_close_is_na": 0,
      "minutes_to_close_squared_is_na": 0,
      "minutes_x_spread_is_na": 0,
      "minutes_x_temp_dist_is_na": 0,
      "mid_group_mean_is_na": 0,
      "mid_group_std_is_na": 0,
      "mid_group_min_is_na": 0,
      "mid_group_max_is_na": 0,
      "mid_zscore_is_na": 0,
      "mid_rank_pct_is_na": 0,
      "mid_rel_to_group_is_na": 0,
      "mid_to_best_diff_is_na": 0,
      "mid_to_worst_diff_is_na": 0,
      "volume_share_in_timestamp_is_na": 0,
      "market_prob_mid_is_na": 0,
      "market_prob_bid_is_na": 0,
      "market_prob_ask_is_na": 0,
      "market_logit_mid_is_na": 0,
      "market_edge_vs_even_is_na": 0,
      "minutes_since_midnight_local_is_na": 0,
      "doy_sin_is_na": 0,
      "doy_cos_is_na": 0,
      "is_weekend_is_na": 0,
      "strike_width_is_na": 0,
      "strike_midpoint_is_na": 0,
      "temp_to_midpoint_is_na": 0,
      "temp_position_in_bracket_is_na": 0,
      "prior_day_tmax_is_na": 0,
      "temp_change_from_yesterday_is_na": 0
    }
  },
  "metrics": {
    "brier_score": 0.13406374559411804,
    "log_loss": 1.30995700129587,
    "n_train": 65271,
    "n_test": 4395
  },
  "optuna": {
    "n_trials": 20,
    "best_value": 0.11047106567548014
  }
}