{
  "trained_at": "2025-12-06T23:00:49.905227",
  "city": "philadelphia",
  "feature_cols": [
    "forecast_temp",
    "market_temp",
    "edge",
    "confidence",
    "forecast_uncertainty",
    "market_uncertainty",
    "base_temp",
    "predicted_delta",
    "snapshot_hour",
    "hours_to_event_close",
    "minutes_since_market_open",
    "obs_fcst_max_gap",
    "fcst_remaining_potential",
    "temp_volatility_30min",
    "market_bid_ask_spread"
  ],
  "best_params": {
    "bootstrap_type": "MVS",
    "depth": 6,
    "iterations": 768,
    "learning_rate": 0.0646972861792386,
    "l2_leaf_reg": 9.892089255614241,
    "min_data_in_leaf": 84,
    "random_strength": 0.9934703586213197,
    "colsample_bylevel": 0.5572432326831875,
    "subsample": 0.914904588571715,
    "calibration_method": "sigmoid",
    "decision_threshold": 0.5824584241162847
  },
  "train_metrics": {
    "n_train": 14255,
    "n_val": 318,
    "n_test": 2375,
    "n_test_total": 2375,
    "optuna_metric": "sharpe",
    "best_optuna_score": 0.8126542181416083,
    "test_auc": 0.6773043608780331,
    "test_accuracy": 0.712421052631579,
    "baseline_win_rate": 0.26273684210526316,
    "filtered_win_rate": 0.40923076923076923,
    "n_trades_recommended": 325,
    "decision_threshold": 0.5824584241162847,
    "calibration_method": "sigmoid",
    "mean_pnl_all_edges": -0.0622821052631579,
    "mean_pnl_trades": 0.014246153846153832,
    "sharpe_trades": 0.03774540620926074,
    "feature_importance": {
      "forecast_temp": 9.477464019582348,
      "market_temp": 12.507149156593105,
      "edge": 15.608485026004276,
      "confidence": 11.792460183660898,
      "forecast_uncertainty": 9.814484413468685,
      "market_uncertainty": 2.6457403490721245,
      "base_temp": 6.793946004648824,
      "predicted_delta": 7.359109710202076,
      "snapshot_hour": 3.823346074648752,
      "hours_to_event_close": 5.998223392462628,
      "minutes_since_market_open": 4.420352167960857,
      "obs_fcst_max_gap": 6.35112409778063,
      "fcst_remaining_potential": 2.744416524981822,
      "temp_volatility_30min": 0.6636988789329538,
      "market_bid_ask_spread": 0.0
    }
  },
  "decision_threshold": 0.5824584241162847,
  "n_trials": 80,
  "optimize_metric": "sharpe"
}