{
  "model_type": "ordinal_catboost",
  "trained_at": "2025-12-06T21:33:16.835325",
  "n_train_samples": 389772,
  "n_train_days": 855,
  "delta_range": [
    -12,
    12
  ],
  "delta_classes": [
    -12,
    -11,
    -10,
    -9,
    -8,
    -7,
    -6,
    -5,
    -4,
    -3,
    -2,
    -1,
    0,
    1,
    2,
    3,
    4,
    5,
    6,
    7,
    8,
    9,
    10,
    11,
    12
  ],
  "global_delta_classes": [
    -12,
    -11,
    -10,
    -9,
    -8,
    -7,
    -6,
    -5,
    -4,
    -3,
    -2,
    -1,
    0,
    1,
    2,
    3,
    4,
    5,
    6,
    7,
    8,
    9,
    10,
    11,
    12
  ],
  "thresholds": [
    -11,
    -10,
    -9,
    -8,
    -7,
    -6,
    -5,
    -4,
    -3,
    -2,
    -1,
    0,
    1,
    2,
    3,
    4,
    5,
    6,
    7,
    8,
    9,
    10,
    11,
    12
  ],
  "n_classifiers": 24,
  "n_constant_classifiers": 0,
  "base_model": "catboost",
  "n_optuna_trials": 150,
  "best_params": {
    "grow_policy": "SymmetricTree",
    "depth": 5,
    "iterations": 842,
    "learning_rate": 0.051610104720249614,
    "border_count": 158,
    "l2_leaf_reg": 39.35016207460371,
    "min_data_in_leaf": 30,
    "random_strength": 0.25216826092689326,
    "colsample_bylevel": 0.5976934631215683,
    "subsample": 0.817499467900865
  }
}