{
  "grow_policy": "SymmetricTree",
  "depth": 5,
  "iterations": 1440,
  "learning_rate": 0.024009283478176636,
  "border_count": 247,
  "l2_leaf_reg": 11.208502031091603,
  "min_data_in_leaf": 118,
  "random_strength": 0.5448603601799336,
  "colsample_bylevel": 0.5130757577830849,
  "subsample": 0.9193325422408598
}