{
  "trained_at": "2025-12-08T21:59:37.260796",
  "city": "chicago",
  "feature_cols": [
    "forecast_temp",
    "market_temp",
    "edge",
    "confidence",
    "forecast_uncertainty",
    "market_uncertainty",
    "base_temp",
    "predicted_delta",
    "snapshot_hour",
    "hours_to_event_close",
    "minutes_since_market_open",
    "obs_fcst_max_gap",
    "fcst_remaining_potential",
    "temp_volatility_30min",
    "market_bid_ask_spread"
  ],
  "best_params": {
    "bootstrap_type": "MVS",
    "depth": 5,
    "iterations": 428,
    "learning_rate": 0.05551639412840685,
    "l2_leaf_reg": 4.9599040490859565,
    "min_data_in_leaf": 23,
    "random_strength": 1.7637169234206294,
    "colsample_bylevel": 0.6432305223526185,
    "subsample": 0.7015965203814578,
    "calibration_method": "isotonic",
    "decision_threshold": 0.8301634129416797
  },
  "train_metrics": {
    "n_train": 4687,
    "n_val": 309,
    "n_test": 385,
    "n_test_total": 385,
    "optuna_metric": "filtered_precision",
    "best_optuna_score": 0.9403669724770642,
    "test_auc": 0.5724540384218137,
    "test_accuracy": 0.34025974025974026,
    "baseline_win_rate": 0.7324675324675325,
    "filtered_win_rate": 1.0,
    "n_trades_recommended": 28,
    "decision_threshold": 0.8301634129416797,
    "calibration_method": "isotonic",
    "mean_pnl_all_edges": 0.18807792207792207,
    "mean_pnl_trades": 0.8557142857142856,
    "sharpe_trades": 9.00065224299203,
    "feature_importance": {
      "forecast_temp": 9.509789016998477,
      "market_temp": 15.437879375419433,
      "edge": 10.49465809041147,
      "confidence": 7.253616760198335,
      "forecast_uncertainty": 5.15869861895323,
      "market_uncertainty": 7.732026877305122,
      "base_temp": 13.041925885860204,
      "predicted_delta": 5.569738691670257,
      "snapshot_hour": 3.6593287971723067,
      "hours_to_event_close": 3.897100348651402,
      "minutes_since_market_open": 3.51653530150454,
      "obs_fcst_max_gap": 6.813809750211923,
      "fcst_remaining_potential": 3.6610199830294032,
      "temp_volatility_30min": 0.43745187074599834,
      "market_bid_ask_spread": 3.816420631867887
    }
  },
  "decision_threshold": 0.8301634129416797,
  "n_trials": 100,
  "optimize_metric": "filtered_precision"
}