{
  "trained_at": "2025-12-09T04:44:26.508541",
  "city": "chicago",
  "feature_cols": [
    "forecast_temp",
    "market_temp",
    "edge",
    "confidence",
    "forecast_uncertainty",
    "market_uncertainty",
    "base_temp",
    "predicted_delta",
    "snapshot_hour",
    "hours_to_event_close",
    "minutes_since_market_open",
    "obs_fcst_max_gap",
    "fcst_remaining_potential",
    "temp_volatility_30min",
    "market_bid_ask_spread"
  ],
  "best_params": {
    "bootstrap_type": "Bayesian",
    "depth": 4,
    "iterations": 411,
    "learning_rate": 0.06897998010672897,
    "l2_leaf_reg": 1.7725858024560532,
    "min_data_in_leaf": 62,
    "random_strength": 1.8529560748071299,
    "colsample_bylevel": 0.8747597906552937,
    "bagging_temperature": 0.4321665552949745,
    "calibration_method": "isotonic",
    "decision_threshold": 0.8486650514096918
  },
  "train_metrics": {
    "n_train": 6976,
    "n_val": 391,
    "n_test": 569,
    "n_test_total": 569,
    "optuna_metric": "sharpe",
    "best_optuna_score": 1.0057056445472239,
    "test_auc": 0.5255103630980209,
    "test_accuracy": 0.3286467486818981,
    "baseline_win_rate": 0.7275922671353251,
    "filtered_win_rate": 0.9444444444444444,
    "n_trades_recommended": 36,
    "decision_threshold": 0.8486650514096918,
    "calibration_method": "isotonic",
    "mean_pnl_all_edges": 0.18924428822495604,
    "mean_pnl_trades": 0.8127777777777778,
    "sharpe_trades": 2.7736453749884133,
    "feature_importance": {
      "forecast_temp": 9.266863898225886,
      "market_temp": 13.105698472005699,
      "edge": 11.811398588916004,
      "confidence": 9.037913381990698,
      "forecast_uncertainty": 5.854341154996264,
      "market_uncertainty": 7.988959000370387,
      "base_temp": 14.667283057599413,
      "predicted_delta": 6.305833930713622,
      "snapshot_hour": 2.384169178250273,
      "hours_to_event_close": 3.6150011916616593,
      "minutes_since_market_open": 3.3823074147997194,
      "obs_fcst_max_gap": 8.325413160418291,
      "fcst_remaining_potential": 2.109054522064609,
      "temp_volatility_30min": 0.2174133630869468,
      "market_bid_ask_spread": 1.928349684900531
    }
  },
  "decision_threshold": 0.8486650514096918,
  "n_trials": 80,
  "optimize_metric": "sharpe"
}