{
  "model_type": "ordinal_catboost",
  "trained_at": "2025-12-11T15:17:51.009918",
  "n_train_samples": 294120,
  "n_train_days": 645,
  "delta_range": [
    -3,
    3
  ],
  "delta_classes": [
    -3,
    -2,
    -1,
    0,
    1,
    2,
    3
  ],
  "global_delta_classes": [
    -12,
    -11,
    -10,
    -9,
    -8,
    -7,
    -6,
    -5,
    -4,
    -3,
    -2,
    -1,
    0,
    1,
    2,
    3,
    4,
    5,
    6,
    7,
    8,
    9,
    10,
    11,
    12
  ],
  "thresholds": [
    -2,
    -1,
    0,
    1,
    2,
    3
  ],
  "n_classifiers": 6,
  "n_constant_classifiers": 1,
  "base_model": "catboost",
  "n_optuna_trials": 120,
  "best_params": {
    "grow_policy": "SymmetricTree",
    "depth": 6,
    "iterations": 1104,
    "learning_rate": 0.02081773292146242,
    "border_count": 144,
    "l2_leaf_reg": 3.0578221995236308,
    "min_data_in_leaf": 81,
    "random_strength": 1.4466116684415864,
    "colsample_bylevel": 0.8315415633291173,
    "subsample": 0.8789101392000591
  }
}