{
  "model_type": "ordinal_catboost",
  "trained_at": "2025-12-09T23:09:30.408239",
  "n_train_samples": 149568,
  "n_train_days": 328,
  "delta_range": [
    -12,
    12
  ],
  "delta_classes": [
    -12,
    -11,
    -10,
    -9,
    -8,
    -7,
    -6,
    -5,
    -4,
    -3,
    -2,
    -1,
    0,
    1,
    2,
    3,
    4,
    5,
    6,
    7,
    8,
    9,
    10,
    11,
    12
  ],
  "global_delta_classes": [
    -12,
    -11,
    -10,
    -9,
    -8,
    -7,
    -6,
    -5,
    -4,
    -3,
    -2,
    -1,
    0,
    1,
    2,
    3,
    4,
    5,
    6,
    7,
    8,
    9,
    10,
    11,
    12
  ],
  "thresholds": [
    -11,
    -10,
    -9,
    -8,
    -7,
    -6,
    -5,
    -4,
    -3,
    -2,
    -1,
    0,
    1,
    2,
    3,
    4,
    5,
    6,
    7,
    8,
    9,
    10,
    11,
    12
  ],
  "n_classifiers": 24,
  "n_constant_classifiers": 0,
  "base_model": "catboost",
  "n_optuna_trials": 100,
  "best_params": {
    "grow_policy": "SymmetricTree",
    "depth": 5,
    "iterations": 1440,
    "learning_rate": 0.024009283478176636,
    "border_count": 247,
    "l2_leaf_reg": 11.208502031091603,
    "min_data_in_leaf": 118,
    "random_strength": 0.5448603601799336,
    "colsample_bylevel": 0.5130757577830849,
    "subsample": 0.9193325422408598
  }
}