{
  "model_type": "ordinal_catboost",
  "trained_at": "2025-12-08T11:17:02.799565",
  "n_train_samples": 389712,
  "n_train_days": 855,
  "delta_range": [
    -12,
    12
  ],
  "delta_classes": [
    -12,
    -11,
    -10,
    -9,
    -8,
    -7,
    -6,
    -5,
    -4,
    -3,
    -2,
    -1,
    0,
    1,
    2,
    3,
    4,
    5,
    6,
    7,
    8,
    9,
    10,
    11,
    12
  ],
  "global_delta_classes": [
    -12,
    -11,
    -10,
    -9,
    -8,
    -7,
    -6,
    -5,
    -4,
    -3,
    -2,
    -1,
    0,
    1,
    2,
    3,
    4,
    5,
    6,
    7,
    8,
    9,
    10,
    11,
    12
  ],
  "thresholds": [
    -11,
    -10,
    -9,
    -8,
    -7,
    -6,
    -5,
    -4,
    -3,
    -2,
    -1,
    0,
    1,
    2,
    3,
    4,
    5,
    6,
    7,
    8,
    9,
    10,
    11,
    12
  ],
  "n_classifiers": 24,
  "n_constant_classifiers": 0,
  "base_model": "catboost",
  "n_optuna_trials": 100,
  "best_params": {
    "grow_policy": "SymmetricTree",
    "depth": 8,
    "iterations": 1453,
    "learning_rate": 0.04379074175964758,
    "border_count": 224,
    "l2_leaf_reg": 38.212017260950894,
    "min_data_in_leaf": 111,
    "random_strength": 1.434812553927814,
    "colsample_bylevel": 0.7680988118297574,
    "subsample": 0.8709869447397797
  }
}