{
  "best_params": {
    "depth": 6,
    "min_data_in_leaf": 16,
    "l2_leaf_reg": 3.3118298880723813,
    "bagging_temperature": 0.5467102793432796,
    "learning_rate": 0.01875220945578641,
    "iterations": 973,
    "use_temp_to_floor": false,
    "use_temp_to_cap": true,
    "use_spread": true,
    "minutes_constraint": 1
  },
  "metrics": {
    "rmse": 34.223649022869324,
    "mae": 29.067763414699147
  },
  "optuna": {
    "best_value": 27.412390894175715,
    "n_trials": 10
  }
}