{
  "best_params": {
    "depth": 4,
    "min_data_in_leaf": 16,
    "l2_leaf_reg": 3.347776308515933,
    "bagging_temperature": 0.43194501864211576,
    "learning_rate": 0.02692655251486473,
    "iterations": 651,
    "use_temp_to_floor": false,
    "use_temp_to_cap": false,
    "use_spread": true,
    "minutes_constraint": 0
  },
  "metadata": {
    "model_type": "catboost",
    "bracket_type": "between",
    "n_train": 11198,
    "n_cal": 2847,
    "calib_method": "isotonic",
    "feature_importance": {
      "yes_mid": 2.9195293129058304,
      "yes_bid": 0.0,
      "yes_ask": 0.0,
      "spread_cents": 0.0,
      "minutes_to_close": 0.4834521743860848,
      "temp_now": 0.010035527625615732,
      "temp_to_floor": 0.5234428559986412,
      "temp_to_cap": 0.5738241064578681,
      "hour_of_day_local": 0.1318643163291264,
      "day_of_week": 6.426911115948686,
      "mid_chg_5m": 0.10783048774168574,
      "spread_pct": 0.0,
      "vol_15m": 0.6524976150016424,
      "temp_rollmax_3h": 0.7539163020166434,
      "temp_rollmin_3h": 0.6574231654989429,
      "temp_delta_1h": 0.011307604488631991,
      "dewpoint": 0.16792611898768428,
      "humidity": 0.0,
      "windspeed": 0.09836603134192651,
      "ret_1m": 0.0811688660675301,
      "ret_5m": 0.07381412505735939,
      "ret_15m": 0.07910739718964167,
      "vol_5m": 0.09110973294482197,
      "vol_60m": 3.236240475858627,
      "volume_5m": 0.015158974329530485,
      "volume_60m_avg": 1.0137588803935955,
      "volume_ratio": 0.0251724946873918,
      "log_minutes_to_close": 0.9197727311445779,
      "minutes_to_close_squared": 0.7254720949939696,
      "minutes_x_spread": 0.0,
      "minutes_x_temp_dist": 0.8606778369490266,
      "market_prob_mid": 2.5590787024178074,
      "market_prob_bid": 0.0,
      "market_prob_ask": 0.0,
      "market_logit_mid": 3.3569753208030795,
      "market_edge_vs_even": 2.972909825612653,
      "minutes_since_midnight_local": 0.2100061857897574,
      "doy_sin": 13.138001892877865,
      "doy_cos": 3.936679686581206,
      "is_weekend": 3.086631820352365,
      "strike_width": 0.0,
      "strike_midpoint": 46.41247612501626,
      "temp_to_midpoint": 0.5802855197814211,
      "temp_position_in_bracket": 0.4338433139916507,
      "prior_day_tmax": 1.9182685811984765,
      "temp_change_from_yesterday": 0.7550626812323962,
      "yes_bid_is_na": 0.0,
      "yes_ask_is_na": 0.0,
      "spread_cents_is_na": 0.0,
      "hour_of_day_local_is_na": 0.0,
      "day_of_week_is_na": 0.0,
      "mid_chg_5m_is_na": 0.0,
      "spread_pct_is_na": 0.0,
      "vol_15m_is_na": 0.0,
      "temp_rollmax_3h_is_na": 0.0,
      "temp_rollmin_3h_is_na": 0.0,
      "temp_delta_1h_is_na": 0.0,
      "dewpoint_is_na": 0.0,
      "humidity_is_na": 0.0,
      "windspeed_is_na": 0.0,
      "ret_1m_is_na": 0.0,
      "ret_5m_is_na": 0.0,
      "ret_15m_is_na": 0.0,
      "vol_5m_is_na": 0.0,
      "vol_60m_is_na": 0.0,
      "volume_5m_is_na": 0.0,
      "volume_60m_avg_is_na": 0.0,
      "volume_ratio_is_na": 0.0,
      "log_minutes_to_close_is_na": 0.0,
      "minutes_to_close_squared_is_na": 0.0,
      "minutes_x_spread_is_na": 0.0,
      "minutes_x_temp_dist_is_na": 0.0,
      "market_prob_mid_is_na": 0.0,
      "market_prob_bid_is_na": 0.0,
      "market_prob_ask_is_na": 0.0,
      "market_logit_mid_is_na": 0.0,
      "market_edge_vs_even_is_na": 0.0,
      "minutes_since_midnight_local_is_na": 0.0,
      "doy_sin_is_na": 0.0,
      "doy_cos_is_na": 0.0,
      "is_weekend_is_na": 0.0,
      "strike_width_is_na": 0.0,
      "strike_midpoint_is_na": 0.0,
      "temp_to_midpoint_is_na": 0.0,
      "temp_position_in_bracket_is_na": 0.0,
      "prior_day_tmax_is_na": 0.0,
      "temp_change_from_yesterday_is_na": 0.0
    },
    "monotone_constraints": {
      "yes_mid": 0,
      "yes_bid": 0,
      "yes_ask": 0,
      "spread_cents": -1,
      "minutes_to_close": 0,
      "temp_now": 0,
      "temp_to_floor": 0,
      "temp_to_cap": 0,
      "hour_of_day_local": 0,
      "day_of_week": 0,
      "mid_chg_5m": 0,
      "spread_pct": 0,
      "vol_15m": 0,
      "temp_rollmax_3h": 0,
      "temp_rollmin_3h": 0,
      "temp_delta_1h": 0,
      "dewpoint": 0,
      "humidity": 0,
      "windspeed": 0,
      "ret_1m": 0,
      "ret_5m": 0,
      "ret_15m": 0,
      "vol_5m": 0,
      "vol_60m": 0,
      "volume_5m": 0,
      "volume_60m_avg": 0,
      "volume_ratio": 0,
      "log_minutes_to_close": 0,
      "minutes_to_close_squared": 0,
      "minutes_x_spread": 0,
      "minutes_x_temp_dist": 0,
      "market_prob_mid": 0,
      "market_prob_bid": 0,
      "market_prob_ask": 0,
      "market_logit_mid": 0,
      "market_edge_vs_even": 0,
      "minutes_since_midnight_local": 0,
      "doy_sin": 0,
      "doy_cos": 0,
      "is_weekend": 0,
      "strike_width": 0,
      "strike_midpoint": 0,
      "temp_to_midpoint": 0,
      "temp_position_in_bracket": 0,
      "prior_day_tmax": 0,
      "temp_change_from_yesterday": 0,
      "yes_bid_is_na": 0,
      "yes_ask_is_na": 0,
      "spread_cents_is_na": 0,
      "hour_of_day_local_is_na": 0,
      "day_of_week_is_na": 0,
      "mid_chg_5m_is_na": 0,
      "spread_pct_is_na": 0,
      "vol_15m_is_na": 0,
      "temp_rollmax_3h_is_na": 0,
      "temp_rollmin_3h_is_na": 0,
      "temp_delta_1h_is_na": 0,
      "dewpoint_is_na": 0,
      "humidity_is_na": 0,
      "windspeed_is_na": 0,
      "ret_1m_is_na": 0,
      "ret_5m_is_na": 0,
      "ret_15m_is_na": 0,
      "vol_5m_is_na": 0,
      "vol_60m_is_na": 0,
      "volume_5m_is_na": 0,
      "volume_60m_avg_is_na": 0,
      "volume_ratio_is_na": 0,
      "log_minutes_to_close_is_na": 0,
      "minutes_to_close_squared_is_na": 0,
      "minutes_x_spread_is_na": 0,
      "minutes_x_temp_dist_is_na": 0,
      "market_prob_mid_is_na": 0,
      "market_prob_bid_is_na": 0,
      "market_prob_ask_is_na": 0,
      "market_logit_mid_is_na": 0,
      "market_edge_vs_even_is_na": 0,
      "minutes_since_midnight_local_is_na": 0,
      "doy_sin_is_na": 0,
      "doy_cos_is_na": 0,
      "is_weekend_is_na": 0,
      "strike_width_is_na": 0,
      "strike_midpoint_is_na": 0,
      "temp_to_midpoint_is_na": 0,
      "temp_position_in_bracket_is_na": 0,
      "prior_day_tmax_is_na": 0,
      "temp_change_from_yesterday_is_na": 0
    }
  },
  "metrics": {
    "brier_score": 0.254126086881128,
    "log_loss": 5.082807693459286,
    "n_train": 14045,
    "n_test": 2588
  },
  "optuna": {
    "n_trials": 10,
    "best_value": 0.11887554972733888
  }
}