{
  "best_params": {
    "depth": 7,
    "min_data_in_leaf": 45,
    "l2_leaf_reg": 2.079713327693634,
    "bagging_temperature": 0.11005192452767676,
    "learning_rate": 0.02171140223187999,
    "iterations": 484,
    "use_temp_to_floor": false,
    "use_temp_to_cap": false,
    "use_spread": true,
    "minutes_constraint": 1
  },
  "metrics": {
    "rmse": 33.40249800811451,
    "mae": 28.009200668790687
  },
  "optuna": {
    "best_value": 27.70629812588246,
    "n_trials": 10
  }
}