{
  "grow_policy": "SymmetricTree",
  "depth": 6,
  "iterations": 1137,
  "learning_rate": 0.07818610240549075,
  "border_count": 204,
  "l2_leaf_reg": 3.1236059728487238,
  "min_data_in_leaf": 117,
  "random_strength": 1.4856356362929928,
  "colsample_bylevel": 0.6120568490452296,
  "subsample": 0.6194979378889551
}