{
  "grow_policy": "SymmetricTree",
  "depth": 7,
  "iterations": 1318,
  "learning_rate": 0.053906581594944686,
  "border_count": 139,
  "l2_leaf_reg": 31.30262150493859,
  "min_data_in_leaf": 92,
  "random_strength": 1.3504818443583864,
  "colsample_bylevel": 0.6230015461679068,
  "subsample": 0.7736080523427494
}