{
  "grow_policy": "SymmetricTree",
  "depth": 6,
  "iterations": 668,
  "learning_rate": 0.03927719431111035,
  "border_count": 175,
  "l2_leaf_reg": 17.44101104049194,
  "min_data_in_leaf": 81,
  "random_strength": 0.21922661357193496,
  "colsample_bylevel": 0.5984688839094451,
  "subsample": 0.8253091066040598
}