{
  "trained_at": "2025-12-07T05:36:25.909953",
  "city": "denver",
  "feature_cols": [
    "forecast_temp",
    "market_temp",
    "edge",
    "confidence",
    "forecast_uncertainty",
    "market_uncertainty",
    "base_temp",
    "predicted_delta",
    "snapshot_hour",
    "hours_to_event_close",
    "minutes_since_market_open",
    "obs_fcst_max_gap",
    "fcst_remaining_potential",
    "temp_volatility_30min",
    "market_bid_ask_spread"
  ],
  "best_params": {
    "bootstrap_type": "Bernoulli",
    "depth": 6,
    "iterations": 368,
    "learning_rate": 0.06136330277038175,
    "l2_leaf_reg": 8.78369709040078,
    "min_data_in_leaf": 31,
    "random_strength": 1.8406332355706887,
    "colsample_bylevel": 0.6372432466717433,
    "subsample": 0.8819202709857175,
    "calibration_method": "sigmoid",
    "decision_threshold": 0.5623292828128772
  },
  "train_metrics": {
    "n_train": 1040,
    "n_val": 11,
    "n_test": 195,
    "n_test_total": 195,
    "optuna_metric": "filtered_precision",
    "best_optuna_score": -1000000.0,
    "test_auc": 0.8937142857142858,
    "test_accuracy": 0.841025641025641,
    "baseline_win_rate": 0.358974358974359,
    "filtered_win_rate": 0.7671232876712328,
    "n_trades_recommended": 73,
    "decision_threshold": 0.5623292828128772,
    "calibration_method": "sigmoid",
    "mean_pnl_all_edges": -0.0023076923076923222,
    "mean_pnl_trades": 0.22808219178082195,
    "sharpe_trades": 0.7782044407989652,
    "feature_importance": {
      "forecast_temp": 4.387258785987943,
      "market_temp": 4.206288026638783,
      "edge": 13.697937405842668,
      "confidence": 9.231899757001154,
      "forecast_uncertainty": 11.06806022894999,
      "market_uncertainty": 5.096340276012238,
      "base_temp": 3.074956519679021,
      "predicted_delta": 7.776494896190337,
      "snapshot_hour": 4.370851880337372,
      "hours_to_event_close": 14.088469491429372,
      "minutes_since_market_open": 8.232617666202412,
      "obs_fcst_max_gap": 3.9030609696618956,
      "fcst_remaining_potential": 4.117736303129423,
      "temp_volatility_30min": 4.626526326276449,
      "market_bid_ask_spread": 2.1215014666609395
    }
  },
  "decision_threshold": 0.5623292828128772,
  "n_trials": 2,
  "optimize_metric": "filtered_precision"
}