{
  "model_type": "ordinal_catboost",
  "trained_at": "2025-12-11T15:52:59.942081",
  "n_train_samples": 158232,
  "n_train_days": 347,
  "delta_range": [
    -3,
    3
  ],
  "delta_classes": [
    -3,
    -2,
    -1,
    0,
    1,
    2,
    3
  ],
  "global_delta_classes": [
    -12,
    -11,
    -10,
    -9,
    -8,
    -7,
    -6,
    -5,
    -4,
    -3,
    -2,
    -1,
    0,
    1,
    2,
    3,
    4,
    5,
    6,
    7,
    8,
    9,
    10,
    11,
    12
  ],
  "thresholds": [
    -2,
    -1,
    0,
    1,
    2,
    3
  ],
  "n_classifiers": 6,
  "n_constant_classifiers": 2,
  "base_model": "catboost",
  "n_optuna_trials": 120,
  "best_params": {
    "grow_policy": "SymmetricTree",
    "depth": 6,
    "iterations": 668,
    "learning_rate": 0.03927719431111035,
    "border_count": 175,
    "l2_leaf_reg": 17.44101104049194,
    "min_data_in_leaf": 81,
    "random_strength": 0.21922661357193496,
    "colsample_bylevel": 0.5984688839094451,
    "subsample": 0.8253091066040598
  }
}