{
  "model_type": "ordinal_catboost",
  "trained_at": "2025-12-07T05:32:58.561977",
  "n_train_samples": 10944,
  "n_train_days": 24,
  "delta_range": [
    -12,
    12
  ],
  "delta_classes": [
    -12,
    -11,
    -10,
    -9,
    -8,
    -7,
    -6,
    -5,
    -4,
    -3,
    -2,
    -1,
    0,
    1,
    2,
    3,
    4,
    5,
    6,
    7,
    8,
    9,
    10,
    11,
    12
  ],
  "global_delta_classes": [
    -12,
    -11,
    -10,
    -9,
    -8,
    -7,
    -6,
    -5,
    -4,
    -3,
    -2,
    -1,
    0,
    1,
    2,
    3,
    4,
    5,
    6,
    7,
    8,
    9,
    10,
    11,
    12
  ],
  "thresholds": [
    -11,
    -10,
    -9,
    -8,
    -7,
    -6,
    -5,
    -4,
    -3,
    -2,
    -1,
    0,
    1,
    2,
    3,
    4,
    5,
    6,
    7,
    8,
    9,
    10,
    11,
    12
  ],
  "n_classifiers": 24,
  "n_constant_classifiers": 0,
  "base_model": "catboost",
  "n_optuna_trials": 2,
  "best_params": {
    "grow_policy": "SymmetricTree",
    "depth": 7,
    "iterations": 1318,
    "learning_rate": 0.053906581594944686,
    "border_count": 139,
    "l2_leaf_reg": 31.30262150493859,
    "min_data_in_leaf": 92,
    "random_strength": 1.3504818443583864,
    "colsample_bylevel": 0.6230015461679068,
    "subsample": 0.7736080523427494
  }
}