{
  "model_type": "ordinal_catboost",
  "trained_at": "2025-12-09T18:37:31.368202",
  "n_train_samples": 389712,
  "n_train_days": 855,
  "delta_range": [
    -12,
    12
  ],
  "delta_classes": [
    -12,
    -11,
    -10,
    -9,
    -8,
    -7,
    -6,
    -5,
    -4,
    -3,
    -2,
    -1,
    0,
    1,
    2,
    3,
    4,
    5,
    6,
    7,
    8,
    9,
    10,
    11,
    12
  ],
  "global_delta_classes": [
    -12,
    -11,
    -10,
    -9,
    -8,
    -7,
    -6,
    -5,
    -4,
    -3,
    -2,
    -1,
    0,
    1,
    2,
    3,
    4,
    5,
    6,
    7,
    8,
    9,
    10,
    11,
    12
  ],
  "thresholds": [
    -11,
    -10,
    -9,
    -8,
    -7,
    -6,
    -5,
    -4,
    -3,
    -2,
    -1,
    0,
    1,
    2,
    3,
    4,
    5,
    6,
    7,
    8,
    9,
    10,
    11,
    12
  ],
  "n_classifiers": 24,
  "n_constant_classifiers": 0,
  "base_model": "catboost",
  "n_optuna_trials": 25,
  "best_params": {
    "grow_policy": "SymmetricTree",
    "depth": 6,
    "iterations": 1137,
    "learning_rate": 0.07818610240549075,
    "border_count": 204,
    "l2_leaf_reg": 3.1236059728487238,
    "min_data_in_leaf": 117,
    "random_strength": 1.4856356362929928,
    "colsample_bylevel": 0.6120568490452296,
    "subsample": 0.6194979378889551
  }
}