{
  "best_params": {
    "penalty": "elasticnet",
    "C": 0.0010247715155881523,
    "l1_ratio": 0.6537603813555353,
    "class_weight": null
  },
  "calibration": "isotonic",
  "n_trials": 60,
  "seed": 42
}