{
  "best_params": {
    "depth": 4,
    "min_data_in_leaf": 16,
    "l2_leaf_reg": 3.347776308515933,
    "bagging_temperature": 0.43194501864211576,
    "learning_rate": 0.02692655251486473,
    "iterations": 651,
    "use_temp_to_floor": false,
    "use_temp_to_cap": false,
    "use_spread": true,
    "minutes_constraint": 0
  },
  "metadata": {
    "model_type": "catboost",
    "bracket_type": "between",
    "n_train": 53067,
    "n_cal": 14986,
    "calib_method": "isotonic",
    "feature_importance": {
      "yes_mid": 2.2459066003277117,
      "yes_bid": 0.0,
      "yes_ask": 0.0,
      "spread_cents": 0.0,
      "minutes_to_close": 0.22764929355226693,
      "temp_now": 0.3869758121079876,
      "temp_to_floor": 0.3596934440498604,
      "temp_to_cap": 0.35349219298555357,
      "hour_of_day_local": 0.04090167219079957,
      "day_of_week": 4.400591441123708,
      "mid_chg_5m": 0.11849949670841715,
      "spread_pct": 0.0,
      "vol_15m": 0.09954899340525442,
      "temp_rollmax_3h": 0.9246219510780498,
      "temp_rollmin_3h": 1.1164927765348553,
      "temp_delta_1h": 0.0,
      "dewpoint": 1.6415137456007403,
      "humidity": 0.0,
      "windspeed": 0.4703147833720733,
      "ret_1m": 0.01949139230167534,
      "ret_5m": 0.010465272292625357,
      "ret_15m": 0.09322846702590529,
      "vol_5m": 0.0,
      "vol_60m": 1.6473549965342678,
      "volume_5m": 0.0,
      "volume_60m_avg": 1.1006560184327117,
      "volume_ratio": 0.0,
      "log_minutes_to_close": 0.20155616088233666,
      "minutes_to_close_squared": 0.2129708540503009,
      "minutes_x_spread": 0.0,
      "minutes_x_temp_dist": 0.6202830283826641,
      "mid_group_mean": 0.09024116194017116,
      "mid_group_std": 0.0,
      "mid_group_min": 0.005566008854968355,
      "mid_group_max": 0.1179266297223855,
      "mid_zscore": 0.00596849593663831,
      "mid_rank_pct": 0.0,
      "mid_rel_to_group": 0.0,
      "mid_to_best_diff": 0.0,
      "mid_to_worst_diff": 0.043372109532350635,
      "volume_share_in_timestamp": 0.0010040966693068444,
      "market_prob_mid": 2.433895266126368,
      "market_prob_bid": 0.0,
      "market_prob_ask": 0.0,
      "market_logit_mid": 3.786536855854608,
      "market_edge_vs_even": 3.370967408885078,
      "minutes_since_midnight_local": 0.14145125391203475,
      "doy_sin": 13.367766719311929,
      "doy_cos": 12.719844903335416,
      "is_weekend": 0.05017580407881472,
      "strike_width": 0.0,
      "strike_midpoint": 40.25756538798421,
      "temp_to_midpoint": 0.39327871779977047,
      "temp_position_in_bracket": 0.21586571490876327,
      "prior_day_tmax": 5.998189042380038,
      "temp_change_from_yesterday": 0.7081760298273433,
      "yes_bid_is_na": 0.0,
      "yes_ask_is_na": 0.0,
      "spread_cents_is_na": 0.0,
      "hour_of_day_local_is_na": 0.0,
      "day_of_week_is_na": 0.0,
      "mid_chg_5m_is_na": 0.0,
      "spread_pct_is_na": 0.0,
      "vol_15m_is_na": 0.0,
      "temp_rollmax_3h_is_na": 0.0,
      "temp_rollmin_3h_is_na": 0.0,
      "temp_delta_1h_is_na": 0.0,
      "dewpoint_is_na": 0.0,
      "humidity_is_na": 0.0,
      "windspeed_is_na": 0.0,
      "ret_1m_is_na": 0.0,
      "ret_5m_is_na": 0.0,
      "ret_15m_is_na": 0.0,
      "vol_5m_is_na": 0.0,
      "vol_60m_is_na": 0.0,
      "volume_5m_is_na": 0.0,
      "volume_60m_avg_is_na": 0.0,
      "volume_ratio_is_na": 0.0,
      "log_minutes_to_close_is_na": 0.0,
      "minutes_to_close_squared_is_na": 0.0,
      "minutes_x_spread_is_na": 0.0,
      "minutes_x_temp_dist_is_na": 0.0,
      "mid_group_mean_is_na": 0.0,
      "mid_group_std_is_na": 0.0,
      "mid_group_min_is_na": 0.0,
      "mid_group_max_is_na": 0.0,
      "mid_zscore_is_na": 0.0,
      "mid_rank_pct_is_na": 0.0,
      "mid_rel_to_group_is_na": 0.0,
      "mid_to_best_diff_is_na": 0.0,
      "mid_to_worst_diff_is_na": 0.0,
      "volume_share_in_timestamp_is_na": 0.0,
      "market_prob_mid_is_na": 0.0,
      "market_prob_bid_is_na": 0.0,
      "market_prob_ask_is_na": 0.0,
      "market_logit_mid_is_na": 0.0,
      "market_edge_vs_even_is_na": 0.0,
      "minutes_since_midnight_local_is_na": 0.0,
      "doy_sin_is_na": 0.0,
      "doy_cos_is_na": 0.0,
      "is_weekend_is_na": 0.0,
      "strike_width_is_na": 0.0,
      "strike_midpoint_is_na": 0.0,
      "temp_to_midpoint_is_na": 0.0,
      "temp_position_in_bracket_is_na": 0.0,
      "prior_day_tmax_is_na": 0.0,
      "temp_change_from_yesterday_is_na": 0.0
    },
    "monotone_constraints": {
      "yes_mid": 0,
      "yes_bid": 0,
      "yes_ask": 0,
      "spread_cents": -1,
      "minutes_to_close": 0,
      "temp_now": 0,
      "temp_to_floor": 0,
      "temp_to_cap": 0,
      "hour_of_day_local": 0,
      "day_of_week": 0,
      "mid_chg_5m": 0,
      "spread_pct": 0,
      "vol_15m": 0,
      "temp_rollmax_3h": 0,
      "temp_rollmin_3h": 0,
      "temp_delta_1h": 0,
      "dewpoint": 0,
      "humidity": 0,
      "windspeed": 0,
      "ret_1m": 0,
      "ret_5m": 0,
      "ret_15m": 0,
      "vol_5m": 0,
      "vol_60m": 0,
      "volume_5m": 0,
      "volume_60m_avg": 0,
      "volume_ratio": 0,
      "log_minutes_to_close": 0,
      "minutes_to_close_squared": 0,
      "minutes_x_spread": 0,
      "minutes_x_temp_dist": 0,
      "mid_group_mean": 0,
      "mid_group_std": 0,
      "mid_group_min": 0,
      "mid_group_max": 0,
      "mid_zscore": 0,
      "mid_rank_pct": 0,
      "mid_rel_to_group": 0,
      "mid_to_best_diff": 0,
      "mid_to_worst_diff": 0,
      "volume_share_in_timestamp": 0,
      "market_prob_mid": 0,
      "market_prob_bid": 0,
      "market_prob_ask": 0,
      "market_logit_mid": 0,
      "market_edge_vs_even": 0,
      "minutes_since_midnight_local": 0,
      "doy_sin": 0,
      "doy_cos": 0,
      "is_weekend": 0,
      "strike_width": 0,
      "strike_midpoint": 0,
      "temp_to_midpoint": 0,
      "temp_position_in_bracket": 0,
      "prior_day_tmax": 0,
      "temp_change_from_yesterday": 0,
      "yes_bid_is_na": 0,
      "yes_ask_is_na": 0,
      "spread_cents_is_na": 0,
      "hour_of_day_local_is_na": 0,
      "day_of_week_is_na": 0,
      "mid_chg_5m_is_na": 0,
      "spread_pct_is_na": 0,
      "vol_15m_is_na": 0,
      "temp_rollmax_3h_is_na": 0,
      "temp_rollmin_3h_is_na": 0,
      "temp_delta_1h_is_na": 0,
      "dewpoint_is_na": 0,
      "humidity_is_na": 0,
      "windspeed_is_na": 0,
      "ret_1m_is_na": 0,
      "ret_5m_is_na": 0,
      "ret_15m_is_na": 0,
      "vol_5m_is_na": 0,
      "vol_60m_is_na": 0,
      "volume_5m_is_na": 0,
      "volume_60m_avg_is_na": 0,
      "volume_ratio_is_na": 0,
      "log_minutes_to_close_is_na": 0,
      "minutes_to_close_squared_is_na": 0,
      "minutes_x_spread_is_na": 0,
      "minutes_x_temp_dist_is_na": 0,
      "mid_group_mean_is_na": 0,
      "mid_group_std_is_na": 0,
      "mid_group_min_is_na": 0,
      "mid_group_max_is_na": 0,
      "mid_zscore_is_na": 0,
      "mid_rank_pct_is_na": 0,
      "mid_rel_to_group_is_na": 0,
      "mid_to_best_diff_is_na": 0,
      "mid_to_worst_diff_is_na": 0,
      "volume_share_in_timestamp_is_na": 0,
      "market_prob_mid_is_na": 0,
      "market_prob_bid_is_na": 0,
      "market_prob_ask_is_na": 0,
      "market_logit_mid_is_na": 0,
      "market_edge_vs_even_is_na": 0,
      "minutes_since_midnight_local_is_na": 0,
      "doy_sin_is_na": 0,
      "doy_cos_is_na": 0,
      "is_weekend_is_na": 0,
      "strike_width_is_na": 0,
      "strike_midpoint_is_na": 0,
      "temp_to_midpoint_is_na": 0,
      "temp_position_in_bracket_is_na": 0,
      "prior_day_tmax_is_na": 0,
      "temp_change_from_yesterday_is_na": 0
    }
  },
  "metrics": {
    "brier_score": 0.18955106175163497,
    "log_loss": 0.7837042737048958,
    "n_train": 68053,
    "n_test": 5801
  },
  "optuna": {
    "n_trials": 20,
    "best_value": 0.09824288252318762
  }
}