{
  "best_params": {
    "depth": 6,
    "min_data_in_leaf": 9,
    "l2_leaf_reg": 1.1615865989246452,
    "bagging_temperature": 0.9488855372533332,
    "learning_rate": 0.26690431824362526,
    "iterations": 828,
    "use_temp_to_floor": true,
    "use_temp_to_cap": true,
    "use_spread": false,
    "minutes_constraint": 0
  },
  "metadata": {
    "model_type": "catboost",
    "bracket_type": "between",
    "n_train": 53542,
    "n_cal": 13567,
    "calib_method": "isotonic",
    "feature_importance": {
      "yes_mid": 4.1232044213970545,
      "yes_bid": 0.0,
      "yes_ask": 0.0,
      "spread_cents": 0.0,
      "minutes_to_close": 1.4854949166723077,
      "temp_now": 0.26485695545731963,
      "temp_to_floor": 0.07248313591022125,
      "temp_to_cap": 0.017176374571904077,
      "hour_of_day_local": 0.03818416284466061,
      "day_of_week": 4.795044465469093,
      "mid_chg_5m": 0.06780591579536493,
      "spread_pct": 0.0,
      "vol_15m": 0.19706885254795078,
      "temp_rollmax_3h": 0.8460154394495215,
      "temp_rollmin_3h": 0.9212873703440291,
      "temp_delta_1h": 0.043311305511542095,
      "dewpoint": 1.5715026806190708,
      "humidity": 0.0,
      "windspeed": 0.5091102964130632,
      "ret_1m": 0.052825574645846286,
      "ret_5m": 0.11831033406536115,
      "ret_15m": 0.1477029545314975,
      "vol_5m": 0.08873326774439365,
      "vol_60m": 2.3570893675548343,
      "volume_5m": 0.09565593801207105,
      "volume_60m_avg": 1.1679540455096757,
      "volume_ratio": 0.03974522907477923,
      "log_minutes_to_close": 0.010726721361267864,
      "minutes_to_close_squared": 0.030019293671555217,
      "minutes_x_spread": 0.0,
      "minutes_x_temp_dist": 0.7865924863520074,
      "mid_group_mean": 0.06979698579428167,
      "mid_group_std": 0.001298081424457216,
      "mid_group_min": 0.10107390891448444,
      "mid_group_max": 0.021695132593259947,
      "mid_zscore": 0.004371439304118998,
      "mid_rank_pct": 0.013782576525133315,
      "mid_rel_to_group": 0.041380863491370976,
      "mid_to_best_diff": 0.05251045401325366,
      "mid_to_worst_diff": 0.04314691033073493,
      "volume_share_in_timestamp": 0.0030546726467082564,
      "market_prob_mid": 0.08384829844803841,
      "market_prob_bid": 0.0,
      "market_prob_ask": 0.0,
      "market_logit_mid": 0.12700882072082034,
      "market_edge_vs_even": 0.05205093756942341,
      "minutes_since_midnight_local": 0.3144106200173078,
      "doy_sin": 14.426890607146724,
      "doy_cos": 5.5188190079175445,
      "is_weekend": 0.35826772167300414,
      "strike_width": 0.0,
      "strike_midpoint": 51.133506943185566,
      "temp_to_midpoint": 0.507449203007003,
      "temp_position_in_bracket": 0.3901508121970231,
      "prior_day_tmax": 5.800323080111855,
      "temp_change_from_yesterday": 1.0872614174414723,
      "yes_bid_is_na": 0.0,
      "yes_ask_is_na": 0.0,
      "spread_cents_is_na": 0.0,
      "hour_of_day_local_is_na": 0.0,
      "day_of_week_is_na": 0.0,
      "mid_chg_5m_is_na": 0.0,
      "spread_pct_is_na": 0.0,
      "vol_15m_is_na": 0.0,
      "temp_rollmax_3h_is_na": 0.0,
      "temp_rollmin_3h_is_na": 0.0,
      "temp_delta_1h_is_na": 0.0,
      "dewpoint_is_na": 0.0,
      "humidity_is_na": 0.0,
      "windspeed_is_na": 0.0,
      "ret_1m_is_na": 0.0,
      "ret_5m_is_na": 0.0,
      "ret_15m_is_na": 0.0,
      "vol_5m_is_na": 0.0,
      "vol_60m_is_na": 0.0,
      "volume_5m_is_na": 0.0,
      "volume_60m_avg_is_na": 0.0,
      "volume_ratio_is_na": 0.0,
      "log_minutes_to_close_is_na": 0.0,
      "minutes_to_close_squared_is_na": 0.0,
      "minutes_x_spread_is_na": 0.0,
      "minutes_x_temp_dist_is_na": 0.0,
      "mid_group_mean_is_na": 0.0,
      "mid_group_std_is_na": 0.0,
      "mid_group_min_is_na": 0.0,
      "mid_group_max_is_na": 0.0,
      "mid_zscore_is_na": 0.0,
      "mid_rank_pct_is_na": 0.0,
      "mid_rel_to_group_is_na": 0.0,
      "mid_to_best_diff_is_na": 0.0,
      "mid_to_worst_diff_is_na": 0.0,
      "volume_share_in_timestamp_is_na": 0.0,
      "market_prob_mid_is_na": 0.0,
      "market_prob_bid_is_na": 0.0,
      "market_prob_ask_is_na": 0.0,
      "market_logit_mid_is_na": 0.0,
      "market_edge_vs_even_is_na": 0.0,
      "minutes_since_midnight_local_is_na": 0.0,
      "doy_sin_is_na": 0.0,
      "doy_cos_is_na": 0.0,
      "is_weekend_is_na": 0.0,
      "strike_width_is_na": 0.0,
      "strike_midpoint_is_na": 0.0,
      "temp_to_midpoint_is_na": 0.0,
      "temp_position_in_bracket_is_na": 0.0,
      "prior_day_tmax_is_na": 0.0,
      "temp_change_from_yesterday_is_na": 0.0
    },
    "monotone_constraints": {
      "yes_mid": 0,
      "yes_bid": 0,
      "yes_ask": 0,
      "spread_cents": 0,
      "minutes_to_close": 0,
      "temp_now": 0,
      "temp_to_floor": 1,
      "temp_to_cap": 1,
      "hour_of_day_local": 0,
      "day_of_week": 0,
      "mid_chg_5m": 0,
      "spread_pct": 0,
      "vol_15m": 0,
      "temp_rollmax_3h": 0,
      "temp_rollmin_3h": 0,
      "temp_delta_1h": 0,
      "dewpoint": 0,
      "humidity": 0,
      "windspeed": 0,
      "ret_1m": 0,
      "ret_5m": 0,
      "ret_15m": 0,
      "vol_5m": 0,
      "vol_60m": 0,
      "volume_5m": 0,
      "volume_60m_avg": 0,
      "volume_ratio": 0,
      "log_minutes_to_close": 0,
      "minutes_to_close_squared": 0,
      "minutes_x_spread": 0,
      "minutes_x_temp_dist": 0,
      "mid_group_mean": 0,
      "mid_group_std": 0,
      "mid_group_min": 0,
      "mid_group_max": 0,
      "mid_zscore": 0,
      "mid_rank_pct": 0,
      "mid_rel_to_group": 0,
      "mid_to_best_diff": 0,
      "mid_to_worst_diff": 0,
      "volume_share_in_timestamp": 0,
      "market_prob_mid": 0,
      "market_prob_bid": 0,
      "market_prob_ask": 0,
      "market_logit_mid": 0,
      "market_edge_vs_even": 0,
      "minutes_since_midnight_local": 0,
      "doy_sin": 0,
      "doy_cos": 0,
      "is_weekend": 0,
      "strike_width": 0,
      "strike_midpoint": 0,
      "temp_to_midpoint": 0,
      "temp_position_in_bracket": 0,
      "prior_day_tmax": 0,
      "temp_change_from_yesterday": 0,
      "yes_bid_is_na": 0,
      "yes_ask_is_na": 0,
      "spread_cents_is_na": 0,
      "hour_of_day_local_is_na": 0,
      "day_of_week_is_na": 0,
      "mid_chg_5m_is_na": 0,
      "spread_pct_is_na": 0,
      "vol_15m_is_na": 0,
      "temp_rollmax_3h_is_na": 0,
      "temp_rollmin_3h_is_na": 0,
      "temp_delta_1h_is_na": 0,
      "dewpoint_is_na": 0,
      "humidity_is_na": 0,
      "windspeed_is_na": 0,
      "ret_1m_is_na": 0,
      "ret_5m_is_na": 0,
      "ret_15m_is_na": 0,
      "vol_5m_is_na": 0,
      "vol_60m_is_na": 0,
      "volume_5m_is_na": 0,
      "volume_60m_avg_is_na": 0,
      "volume_ratio_is_na": 0,
      "log_minutes_to_close_is_na": 0,
      "minutes_to_close_squared_is_na": 0,
      "minutes_x_spread_is_na": 0,
      "minutes_x_temp_dist_is_na": 0,
      "mid_group_mean_is_na": 0,
      "mid_group_std_is_na": 0,
      "mid_group_min_is_na": 0,
      "mid_group_max_is_na": 0,
      "mid_zscore_is_na": 0,
      "mid_rank_pct_is_na": 0,
      "mid_rel_to_group_is_na": 0,
      "mid_to_best_diff_is_na": 0,
      "mid_to_worst_diff_is_na": 0,
      "volume_share_in_timestamp_is_na": 0,
      "market_prob_mid_is_na": 0,
      "market_prob_bid_is_na": 0,
      "market_prob_ask_is_na": 0,
      "market_logit_mid_is_na": 0,
      "market_edge_vs_even_is_na": 0,
      "minutes_since_midnight_local_is_na": 0,
      "doy_sin_is_na": 0,
      "doy_cos_is_na": 0,
      "is_weekend_is_na": 0,
      "strike_width_is_na": 0,
      "strike_midpoint_is_na": 0,
      "temp_to_midpoint_is_na": 0,
      "temp_position_in_bracket_is_na": 0,
      "prior_day_tmax_is_na": 0,
      "temp_change_from_yesterday_is_na": 0
    }
  },
  "metrics": {
    "brier_score": 0.23094072973019253,
    "log_loss": 1.168603586707522,
    "n_train": 67109,
    "n_test": 5562
  },
  "optuna": {
    "n_trials": 20,
    "best_value": 0.1301275064682223
  }
}