{
  "best_params": {
    "depth": 3,
    "min_data_in_leaf": 36,
    "l2_leaf_reg": 5.764810670114668,
    "bagging_temperature": 0.5612771975694962,
    "learning_rate": 0.13766134492174428,
    "iterations": 544,
    "use_temp_to_floor": true,
    "use_temp_to_cap": false,
    "use_spread": false,
    "minutes_constraint": 1
  },
  "metadata": {
    "model_type": "catboost",
    "bracket_type": "between",
    "n_train": 51871,
    "n_cal": 12172,
    "calib_method": "isotonic",
    "feature_importance": {
      "yes_mid": 2.908253312431528,
      "yes_bid": 0.0,
      "yes_ask": 0.0,
      "spread_cents": 0.0,
      "minutes_to_close": 0.0,
      "temp_now": 0.05244938066874441,
      "temp_to_floor": 0.07889701316298824,
      "temp_to_cap": 0.23955942617266465,
      "hour_of_day_local": 0.02495447546540852,
      "day_of_week": 1.0757691838177215,
      "mid_chg_5m": 0.060050827027754695,
      "spread_pct": 0.0,
      "vol_15m": 0.06383208152476154,
      "temp_rollmax_3h": 0.8558014928786325,
      "temp_rollmin_3h": 0.7174834204468716,
      "temp_delta_1h": 0.0,
      "dewpoint": 1.0128334466428588,
      "humidity": 0.0,
      "windspeed": 0.22421765665575683,
      "ret_1m": 0.021773870060810295,
      "ret_5m": 0.009792816802183343,
      "ret_15m": 0.1824966190230728,
      "vol_5m": 0.0,
      "vol_60m": 2.001238359707782,
      "volume_5m": 0.0,
      "volume_60m_avg": 0.5892882242326457,
      "volume_ratio": 0.0,
      "log_minutes_to_close": 0.003188398619129856,
      "minutes_to_close_squared": 0.5642133901872738,
      "minutes_x_spread": 0.0,
      "minutes_x_temp_dist": 0.25251373634221996,
      "mid_group_mean": 0.007362754069960206,
      "mid_group_std": 0.0,
      "mid_group_min": 0.02857640537357283,
      "mid_group_max": 0.008549813423852201,
      "mid_zscore": 0.010976973382537886,
      "mid_rank_pct": 0.012873339115874611,
      "mid_rel_to_group": 0.0,
      "mid_to_best_diff": 0.01743256143329309,
      "mid_to_worst_diff": 0.033184650851603645,
      "volume_share_in_timestamp": 0.0,
      "market_prob_mid": 0.6975310789875078,
      "market_prob_bid": 0.0,
      "market_prob_ask": 0.0,
      "market_logit_mid": 1.0879406767944761,
      "market_edge_vs_even": 0.8710331194707766,
      "minutes_since_midnight_local": 0.17803717700671043,
      "doy_sin": 17.563917819452392,
      "doy_cos": 6.579320612584139,
      "is_weekend": 0.086753250314891,
      "strike_width": 0.0,
      "strike_midpoint": 55.29351138592691,
      "temp_to_midpoint": 0.1709732094301018,
      "temp_position_in_bracket": 0.08132667757875588,
      "prior_day_tmax": 5.678501108207088,
      "temp_change_from_yesterday": 0.6535902547247547,
      "yes_bid_is_na": 0.0,
      "yes_ask_is_na": 0.0,
      "spread_cents_is_na": 0.0,
      "hour_of_day_local_is_na": 0.0,
      "day_of_week_is_na": 0.0,
      "mid_chg_5m_is_na": 0.0,
      "spread_pct_is_na": 0.0,
      "vol_15m_is_na": 0.0,
      "temp_rollmax_3h_is_na": 0.0,
      "temp_rollmin_3h_is_na": 0.0,
      "temp_delta_1h_is_na": 0.0,
      "dewpoint_is_na": 0.0,
      "humidity_is_na": 0.0,
      "windspeed_is_na": 0.0,
      "ret_1m_is_na": 0.0,
      "ret_5m_is_na": 0.0,
      "ret_15m_is_na": 0.0,
      "vol_5m_is_na": 0.0,
      "vol_60m_is_na": 0.0,
      "volume_5m_is_na": 0.0,
      "volume_60m_avg_is_na": 0.0,
      "volume_ratio_is_na": 0.0,
      "log_minutes_to_close_is_na": 0.0,
      "minutes_to_close_squared_is_na": 0.0,
      "minutes_x_spread_is_na": 0.0,
      "minutes_x_temp_dist_is_na": 0.0,
      "mid_group_mean_is_na": 0.0,
      "mid_group_std_is_na": 0.0,
      "mid_group_min_is_na": 0.0,
      "mid_group_max_is_na": 0.0,
      "mid_zscore_is_na": 0.0,
      "mid_rank_pct_is_na": 0.0,
      "mid_rel_to_group_is_na": 0.0,
      "mid_to_best_diff_is_na": 0.0,
      "mid_to_worst_diff_is_na": 0.0,
      "volume_share_in_timestamp_is_na": 0.0,
      "market_prob_mid_is_na": 0.0,
      "market_prob_bid_is_na": 0.0,
      "market_prob_ask_is_na": 0.0,
      "market_logit_mid_is_na": 0.0,
      "market_edge_vs_even_is_na": 0.0,
      "minutes_since_midnight_local_is_na": 0.0,
      "doy_sin_is_na": 0.0,
      "doy_cos_is_na": 0.0,
      "is_weekend_is_na": 0.0,
      "strike_width_is_na": 0.0,
      "strike_midpoint_is_na": 0.0,
      "temp_to_midpoint_is_na": 0.0,
      "temp_position_in_bracket_is_na": 0.0,
      "prior_day_tmax_is_na": 0.0,
      "temp_change_from_yesterday_is_na": 0.0
    },
    "monotone_constraints": {
      "yes_mid": 0,
      "yes_bid": 0,
      "yes_ask": 0,
      "spread_cents": 0,
      "minutes_to_close": 1,
      "temp_now": 0,
      "temp_to_floor": 1,
      "temp_to_cap": 0,
      "hour_of_day_local": 0,
      "day_of_week": 0,
      "mid_chg_5m": 0,
      "spread_pct": 0,
      "vol_15m": 0,
      "temp_rollmax_3h": 0,
      "temp_rollmin_3h": 0,
      "temp_delta_1h": 0,
      "dewpoint": 0,
      "humidity": 0,
      "windspeed": 0,
      "ret_1m": 0,
      "ret_5m": 0,
      "ret_15m": 0,
      "vol_5m": 0,
      "vol_60m": 0,
      "volume_5m": 0,
      "volume_60m_avg": 0,
      "volume_ratio": 0,
      "log_minutes_to_close": 1,
      "minutes_to_close_squared": 0,
      "minutes_x_spread": 0,
      "minutes_x_temp_dist": 0,
      "mid_group_mean": 0,
      "mid_group_std": 0,
      "mid_group_min": 0,
      "mid_group_max": 0,
      "mid_zscore": 0,
      "mid_rank_pct": 0,
      "mid_rel_to_group": 0,
      "mid_to_best_diff": 0,
      "mid_to_worst_diff": 0,
      "volume_share_in_timestamp": 0,
      "market_prob_mid": 0,
      "market_prob_bid": 0,
      "market_prob_ask": 0,
      "market_logit_mid": 0,
      "market_edge_vs_even": 0,
      "minutes_since_midnight_local": 0,
      "doy_sin": 0,
      "doy_cos": 0,
      "is_weekend": 0,
      "strike_width": 0,
      "strike_midpoint": 0,
      "temp_to_midpoint": 0,
      "temp_position_in_bracket": 0,
      "prior_day_tmax": 0,
      "temp_change_from_yesterday": 0,
      "yes_bid_is_na": 0,
      "yes_ask_is_na": 0,
      "spread_cents_is_na": 0,
      "hour_of_day_local_is_na": 0,
      "day_of_week_is_na": 0,
      "mid_chg_5m_is_na": 0,
      "spread_pct_is_na": 0,
      "vol_15m_is_na": 0,
      "temp_rollmax_3h_is_na": 0,
      "temp_rollmin_3h_is_na": 0,
      "temp_delta_1h_is_na": 0,
      "dewpoint_is_na": 0,
      "humidity_is_na": 0,
      "windspeed_is_na": 0,
      "ret_1m_is_na": 0,
      "ret_5m_is_na": 0,
      "ret_15m_is_na": 0,
      "vol_5m_is_na": 0,
      "vol_60m_is_na": 0,
      "volume_5m_is_na": 0,
      "volume_60m_avg_is_na": 0,
      "volume_ratio_is_na": 0,
      "log_minutes_to_close_is_na": 0,
      "minutes_to_close_squared_is_na": 0,
      "minutes_x_spread_is_na": 0,
      "minutes_x_temp_dist_is_na": 0,
      "mid_group_mean_is_na": 0,
      "mid_group_std_is_na": 0,
      "mid_group_min_is_na": 0,
      "mid_group_max_is_na": 0,
      "mid_zscore_is_na": 0,
      "mid_rank_pct_is_na": 0,
      "mid_rel_to_group_is_na": 0,
      "mid_to_best_diff_is_na": 0,
      "mid_to_worst_diff_is_na": 0,
      "volume_share_in_timestamp_is_na": 0,
      "market_prob_mid_is_na": 0,
      "market_prob_bid_is_na": 0,
      "market_prob_ask_is_na": 0,
      "market_logit_mid_is_na": 0,
      "market_edge_vs_even_is_na": 0,
      "minutes_since_midnight_local_is_na": 0,
      "doy_sin_is_na": 0,
      "doy_cos_is_na": 0,
      "is_weekend_is_na": 0,
      "strike_width_is_na": 0,
      "strike_midpoint_is_na": 0,
      "temp_to_midpoint_is_na": 0,
      "temp_position_in_bracket_is_na": 0,
      "prior_day_tmax_is_na": 0,
      "temp_change_from_yesterday_is_na": 0
    }
  },
  "metrics": {
    "brier_score": 0.23315505619534166,
    "log_loss": 5.456939943525729,
    "n_train": 64043,
    "n_test": 5117
  },
  "optuna": {
    "n_trials": 20,
    "best_value": 0.1247189675616665
  }
}