{
  "best_params": {
    "depth": 7,
    "min_data_in_leaf": 38,
    "l2_leaf_reg": 2.0989654375793605,
    "bagging_temperature": 0.7265203071431938,
    "learning_rate": 0.11624956287555435,
    "iterations": 446,
    "use_temp_to_floor": true,
    "use_temp_to_cap": false,
    "use_spread": false,
    "minutes_constraint": 1
  },
  "metadata": {
    "model_type": "catboost",
    "bracket_type": "between",
    "n_train": 56420,
    "n_cal": 13602,
    "calib_method": "isotonic",
    "feature_importance": {
      "yes_mid": 2.2933243275618724,
      "yes_bid": 0.0,
      "yes_ask": 0.0,
      "spread_cents": 0.0,
      "minutes_to_close": 0.01792959164345632,
      "temp_now": 0.10916780851986667,
      "temp_to_floor": 0.032712867281134254,
      "temp_to_cap": 0.34728012053954466,
      "hour_of_day_local": 0.09510678080555299,
      "day_of_week": 6.728966928313498,
      "mid_chg_5m": 0.14261553544154804,
      "spread_pct": 0.0,
      "vol_15m": 0.3153620517326477,
      "temp_rollmax_3h": 1.117508184975777,
      "temp_rollmin_3h": 0.841210634071788,
      "temp_delta_1h": 0.030152907389070758,
      "dewpoint": 2.820873665850745,
      "humidity": 0.0,
      "windspeed": 0.14055722830280717,
      "ret_1m": 0.09401810796540754,
      "ret_5m": 0.08619330790822503,
      "ret_15m": 0.46349818694814277,
      "vol_5m": 0.15180093278631743,
      "vol_60m": 2.8696664626650072,
      "volume_5m": 0.03225387771703422,
      "volume_60m_avg": 1.935016836445351,
      "volume_ratio": 0.006182380565513762,
      "log_minutes_to_close": 0.013028436941843033,
      "minutes_to_close_squared": 2.0582975017109404,
      "minutes_x_spread": 0.0,
      "minutes_x_temp_dist": 0.7081573155926109,
      "mid_group_mean": 0.10639097617812396,
      "mid_group_std": 0.0,
      "mid_group_min": 0.06902075098136129,
      "mid_group_max": 0.1347016570090387,
      "mid_zscore": 0.04064429056616713,
      "mid_rank_pct": 0.019204242718599985,
      "mid_rel_to_group": 0.03763799727837179,
      "mid_to_best_diff": 0.024148965137683904,
      "mid_to_worst_diff": 0.0472669002293167,
      "volume_share_in_timestamp": 0.007684088114952013,
      "market_prob_mid": 1.9504331657655898,
      "market_prob_bid": 0.0,
      "market_prob_ask": 0.0,
      "market_logit_mid": 2.1238045865735544,
      "market_edge_vs_even": 1.7161475970904032,
      "minutes_since_midnight_local": 0.4500922350003726,
      "doy_sin": 11.0113037980431,
      "doy_cos": 8.366480197793402,
      "is_weekend": 0.527983120367405,
      "strike_width": 0.0,
      "strike_midpoint": 43.09697838143983,
      "temp_to_midpoint": 0.1436726253091493,
      "temp_position_in_bracket": 0.06571196047218421,
      "prior_day_tmax": 6.231324733264533,
      "temp_change_from_yesterday": 0.3784857509911388,
      "yes_bid_is_na": 0.0,
      "yes_ask_is_na": 0.0,
      "spread_cents_is_na": 0.0,
      "hour_of_day_local_is_na": 0.0,
      "day_of_week_is_na": 0.0,
      "mid_chg_5m_is_na": 0.0,
      "spread_pct_is_na": 0.0,
      "vol_15m_is_na": 0.0,
      "temp_rollmax_3h_is_na": 0.0,
      "temp_rollmin_3h_is_na": 0.0,
      "temp_delta_1h_is_na": 0.0,
      "dewpoint_is_na": 0.0,
      "humidity_is_na": 0.0,
      "windspeed_is_na": 0.0,
      "ret_1m_is_na": 0.0,
      "ret_5m_is_na": 0.0,
      "ret_15m_is_na": 0.0,
      "vol_5m_is_na": 0.0,
      "vol_60m_is_na": 0.0,
      "volume_5m_is_na": 0.0,
      "volume_60m_avg_is_na": 0.0,
      "volume_ratio_is_na": 0.0,
      "log_minutes_to_close_is_na": 0.0,
      "minutes_to_close_squared_is_na": 0.0,
      "minutes_x_spread_is_na": 0.0,
      "minutes_x_temp_dist_is_na": 0.0,
      "mid_group_mean_is_na": 0.0,
      "mid_group_std_is_na": 0.0,
      "mid_group_min_is_na": 0.0,
      "mid_group_max_is_na": 0.0,
      "mid_zscore_is_na": 0.0,
      "mid_rank_pct_is_na": 0.0,
      "mid_rel_to_group_is_na": 0.0,
      "mid_to_best_diff_is_na": 0.0,
      "mid_to_worst_diff_is_na": 0.0,
      "volume_share_in_timestamp_is_na": 0.0,
      "market_prob_mid_is_na": 0.0,
      "market_prob_bid_is_na": 0.0,
      "market_prob_ask_is_na": 0.0,
      "market_logit_mid_is_na": 0.0,
      "market_edge_vs_even_is_na": 0.0,
      "minutes_since_midnight_local_is_na": 0.0,
      "doy_sin_is_na": 0.0,
      "doy_cos_is_na": 0.0,
      "is_weekend_is_na": 0.0,
      "strike_width_is_na": 0.0,
      "strike_midpoint_is_na": 0.0,
      "temp_to_midpoint_is_na": 0.0,
      "temp_position_in_bracket_is_na": 0.0,
      "prior_day_tmax_is_na": 0.0,
      "temp_change_from_yesterday_is_na": 0.0
    },
    "monotone_constraints": {
      "yes_mid": 0,
      "yes_bid": 0,
      "yes_ask": 0,
      "spread_cents": 0,
      "minutes_to_close": 1,
      "temp_now": 0,
      "temp_to_floor": 1,
      "temp_to_cap": 0,
      "hour_of_day_local": 0,
      "day_of_week": 0,
      "mid_chg_5m": 0,
      "spread_pct": 0,
      "vol_15m": 0,
      "temp_rollmax_3h": 0,
      "temp_rollmin_3h": 0,
      "temp_delta_1h": 0,
      "dewpoint": 0,
      "humidity": 0,
      "windspeed": 0,
      "ret_1m": 0,
      "ret_5m": 0,
      "ret_15m": 0,
      "vol_5m": 0,
      "vol_60m": 0,
      "volume_5m": 0,
      "volume_60m_avg": 0,
      "volume_ratio": 0,
      "log_minutes_to_close": 1,
      "minutes_to_close_squared": 0,
      "minutes_x_spread": 0,
      "minutes_x_temp_dist": 0,
      "mid_group_mean": 0,
      "mid_group_std": 0,
      "mid_group_min": 0,
      "mid_group_max": 0,
      "mid_zscore": 0,
      "mid_rank_pct": 0,
      "mid_rel_to_group": 0,
      "mid_to_best_diff": 0,
      "mid_to_worst_diff": 0,
      "volume_share_in_timestamp": 0,
      "market_prob_mid": 0,
      "market_prob_bid": 0,
      "market_prob_ask": 0,
      "market_logit_mid": 0,
      "market_edge_vs_even": 0,
      "minutes_since_midnight_local": 0,
      "doy_sin": 0,
      "doy_cos": 0,
      "is_weekend": 0,
      "strike_width": 0,
      "strike_midpoint": 0,
      "temp_to_midpoint": 0,
      "temp_position_in_bracket": 0,
      "prior_day_tmax": 0,
      "temp_change_from_yesterday": 0,
      "yes_bid_is_na": 0,
      "yes_ask_is_na": 0,
      "spread_cents_is_na": 0,
      "hour_of_day_local_is_na": 0,
      "day_of_week_is_na": 0,
      "mid_chg_5m_is_na": 0,
      "spread_pct_is_na": 0,
      "vol_15m_is_na": 0,
      "temp_rollmax_3h_is_na": 0,
      "temp_rollmin_3h_is_na": 0,
      "temp_delta_1h_is_na": 0,
      "dewpoint_is_na": 0,
      "humidity_is_na": 0,
      "windspeed_is_na": 0,
      "ret_1m_is_na": 0,
      "ret_5m_is_na": 0,
      "ret_15m_is_na": 0,
      "vol_5m_is_na": 0,
      "vol_60m_is_na": 0,
      "volume_5m_is_na": 0,
      "volume_60m_avg_is_na": 0,
      "volume_ratio_is_na": 0,
      "log_minutes_to_close_is_na": 0,
      "minutes_to_close_squared_is_na": 0,
      "minutes_x_spread_is_na": 0,
      "minutes_x_temp_dist_is_na": 0,
      "mid_group_mean_is_na": 0,
      "mid_group_std_is_na": 0,
      "mid_group_min_is_na": 0,
      "mid_group_max_is_na": 0,
      "mid_zscore_is_na": 0,
      "mid_rank_pct_is_na": 0,
      "mid_rel_to_group_is_na": 0,
      "mid_to_best_diff_is_na": 0,
      "mid_to_worst_diff_is_na": 0,
      "volume_share_in_timestamp_is_na": 0,
      "market_prob_mid_is_na": 0,
      "market_prob_bid_is_na": 0,
      "market_prob_ask_is_na": 0,
      "market_logit_mid_is_na": 0,
      "market_edge_vs_even_is_na": 0,
      "minutes_since_midnight_local_is_na": 0,
      "doy_sin_is_na": 0,
      "doy_cos_is_na": 0,
      "is_weekend_is_na": 0,
      "strike_width_is_na": 0,
      "strike_midpoint_is_na": 0,
      "temp_to_midpoint_is_na": 0,
      "temp_position_in_bracket_is_na": 0,
      "prior_day_tmax_is_na": 0,
      "temp_change_from_yesterday_is_na": 0
    }
  },
  "metrics": {
    "brier_score": 0.281938640258688,
    "log_loss": 3.68317687054121,
    "n_train": 70022,
    "n_test": 4418
  },
  "optuna": {
    "n_trials": 20,
    "best_value": 0.1478056608178757
  }
}