{
  "sharpe": -7.598112278136456,
  "max_drawdown": -0.09830200000000006,
  "total_pnl_cents": -95691,
  "total_fees_cents": 2611,
  "gross_pnl_cents": -93080,
  "ece_trades": 0.6662795619147993,
  "ece_all_minutes": null,
  "n_trades": 15
}