{
  "sharpe": -6.537474593106339,
  "max_drawdown": -0.837098,
  "total_pnl_cents": -811300,
  "total_fees_cents": 25798,
  "gross_pnl_cents": -785502,
  "ece_trades": 0.4016453967144603,
  "ece_all_minutes": null,
  "n_trades": 219
}