{
  "sharpe": 5.709885762868591,
  "max_drawdown": -0.06689139087910832,
  "total_pnl_cents": 971500,
  "total_fees_cents": 10706,
  "gross_pnl_cents": 982206,
  "ece_trades": 0.01776869384245614,
  "ece_all_minutes": null,
  "n_trades": 14
}