{
  "sharpe": -6.259730028573472,
  "max_drawdown": -0.09860400000000008,
  "total_pnl_cents": -95992,
  "total_fees_cents": 2612,
  "gross_pnl_cents": -93380,
  "ece_trades": 0.2084673519269608,
  "ece_all_minutes": null,
  "n_trades": 5
}