{
  "sharpe": -34.237040107474606,
  "max_drawdown": -0.5668777380018307,
  "total_pnl_cents": -557924,
  "total_fees_cents": 18129,
  "gross_pnl_cents": -539795,
  "ece_trades": 0.18846760683913083,
  "ece_all_minutes": null,
  "n_trades": 63
}