{
  "sharpe": 5.706256587157049,
  "max_drawdown": -0.06636824746957802,
  "total_pnl_cents": 969750,
  "total_fees_cents": 21267,
  "gross_pnl_cents": 991017,
  "ece_trades": 0.01776869384245614,
  "ece_all_minutes": null,
  "n_trades": 14
}