{
  "sharpe": -6.25910804153798,
  "max_drawdown": -0.10048500000000002,
  "total_pnl_cents": -95911,
  "total_fees_cents": 4574,
  "gross_pnl_cents": -91337,
  "ece_trades": 0.2084673519269608,
  "ece_all_minutes": null,
  "n_trades": 5
}