{
  "sharpe": -26.884058430071647,
  "max_drawdown": -0.47506729396104963,
  "total_pnl_cents": -472523,
  "total_fees_cents": 13223,
  "gross_pnl_cents": -459300,
  "ece_trades": 0.24487104215934496,
  "ece_all_minutes": null,
  "n_trades": 55
}