{
  "best_params": {
    "depth": 4,
    "min_data_in_leaf": 26,
    "l2_leaf_reg": 5.0468332876558515,
    "bagging_temperature": 0.363629602379294,
    "learning_rate": 0.27254609841484684,
    "iterations": 967,
    "use_temp_to_floor": false,
    "use_temp_to_cap": true,
    "use_spread": false,
    "minutes_constraint": -1
  },
  "metadata": {
    "model_type": "catboost",
    "bracket_type": "between",
    "n_train": 49774,
    "n_cal": 14127,
    "calib_method": "isotonic",
    "feature_importance": {
      "yes_mid": 5.325925405385417,
      "yes_bid": 0.0,
      "yes_ask": 0.0,
      "spread_cents": 0.0,
      "minutes_to_close": 0.12651601585737587,
      "temp_now": 0.18080571306051058,
      "temp_to_floor": 0.5736745424722046,
      "temp_to_cap": 0.0016005003931066396,
      "hour_of_day_local": 0.0702449726453665,
      "day_of_week": 2.6896067847579035,
      "mid_chg_5m": 0.05713595855003414,
      "spread_pct": 0.0,
      "vol_15m": 0.2290259384007385,
      "temp_rollmax_3h": 0.880686660745246,
      "temp_rollmin_3h": 0.5513564135571394,
      "temp_delta_1h": 0.030817403880885663,
      "dewpoint": 1.8070222546735202,
      "humidity": 0.0,
      "windspeed": 0.8883764858489305,
      "ret_1m": 0.04753980155681889,
      "ret_5m": 0.0643624494712977,
      "ret_15m": 0.2653098207807717,
      "vol_5m": 0.03022608757679653,
      "vol_60m": 2.739675646535533,
      "volume_5m": 0.03718071392348395,
      "volume_60m_avg": 1.2627598089086065,
      "volume_ratio": 0.025791090390649474,
      "log_minutes_to_close": 0.0006445472546508531,
      "minutes_to_close_squared": 0.7936703434855363,
      "minutes_x_spread": 0.0,
      "minutes_x_temp_dist": 0.9354893760189097,
      "mid_group_mean": 0.024448262567286116,
      "mid_group_std": 0.002224876389068835,
      "mid_group_min": 0.046141137388777495,
      "mid_group_max": 0.011236576148152365,
      "mid_zscore": 0.0,
      "mid_rank_pct": 0.0014935849885872217,
      "mid_rel_to_group": 0.018149686317874586,
      "mid_to_best_diff": 0.0026068108286382255,
      "mid_to_worst_diff": 0.02565263222740907,
      "volume_share_in_timestamp": 0.0053237858328855575,
      "market_prob_mid": 0.024726329656788122,
      "market_prob_bid": 0.0,
      "market_prob_ask": 0.0,
      "market_logit_mid": 0.03407374164976776,
      "market_edge_vs_even": 0.03160514999830307,
      "minutes_since_midnight_local": 0.37439490260897,
      "doy_sin": 11.700267667414517,
      "doy_cos": 12.271253732521979,
      "is_weekend": 0.0404580526163115,
      "strike_width": 0.0,
      "strike_midpoint": 48.63382966747931,
      "temp_to_midpoint": 0.010237544202384716,
      "temp_position_in_bracket": 0.2662221403365549,
      "prior_day_tmax": 5.458628388277757,
      "temp_change_from_yesterday": 1.4015805944172488,
      "yes_bid_is_na": 0.0,
      "yes_ask_is_na": 0.0,
      "spread_cents_is_na": 0.0,
      "hour_of_day_local_is_na": 0.0,
      "day_of_week_is_na": 0.0,
      "mid_chg_5m_is_na": 0.0,
      "spread_pct_is_na": 0.0,
      "vol_15m_is_na": 0.0,
      "temp_rollmax_3h_is_na": 0.0,
      "temp_rollmin_3h_is_na": 0.0,
      "temp_delta_1h_is_na": 0.0,
      "dewpoint_is_na": 0.0,
      "humidity_is_na": 0.0,
      "windspeed_is_na": 0.0,
      "ret_1m_is_na": 0.0,
      "ret_5m_is_na": 0.0,
      "ret_15m_is_na": 0.0,
      "vol_5m_is_na": 0.0,
      "vol_60m_is_na": 0.0,
      "volume_5m_is_na": 0.0,
      "volume_60m_avg_is_na": 0.0,
      "volume_ratio_is_na": 0.0,
      "log_minutes_to_close_is_na": 0.0,
      "minutes_to_close_squared_is_na": 0.0,
      "minutes_x_spread_is_na": 0.0,
      "minutes_x_temp_dist_is_na": 0.0,
      "mid_group_mean_is_na": 0.0,
      "mid_group_std_is_na": 0.0,
      "mid_group_min_is_na": 0.0,
      "mid_group_max_is_na": 0.0,
      "mid_zscore_is_na": 0.0,
      "mid_rank_pct_is_na": 0.0,
      "mid_rel_to_group_is_na": 0.0,
      "mid_to_best_diff_is_na": 0.0,
      "mid_to_worst_diff_is_na": 0.0,
      "volume_share_in_timestamp_is_na": 0.0,
      "market_prob_mid_is_na": 0.0,
      "market_prob_bid_is_na": 0.0,
      "market_prob_ask_is_na": 0.0,
      "market_logit_mid_is_na": 0.0,
      "market_edge_vs_even_is_na": 0.0,
      "minutes_since_midnight_local_is_na": 0.0,
      "doy_sin_is_na": 0.0,
      "doy_cos_is_na": 0.0,
      "is_weekend_is_na": 0.0,
      "strike_width_is_na": 0.0,
      "strike_midpoint_is_na": 0.0,
      "temp_to_midpoint_is_na": 0.0,
      "temp_position_in_bracket_is_na": 0.0,
      "prior_day_tmax_is_na": 0.0,
      "temp_change_from_yesterday_is_na": 0.0
    },
    "monotone_constraints": {
      "yes_mid": 0,
      "yes_bid": 0,
      "yes_ask": 0,
      "spread_cents": 0,
      "minutes_to_close": -1,
      "temp_now": 0,
      "temp_to_floor": 0,
      "temp_to_cap": 1,
      "hour_of_day_local": 0,
      "day_of_week": 0,
      "mid_chg_5m": 0,
      "spread_pct": 0,
      "vol_15m": 0,
      "temp_rollmax_3h": 0,
      "temp_rollmin_3h": 0,
      "temp_delta_1h": 0,
      "dewpoint": 0,
      "humidity": 0,
      "windspeed": 0,
      "ret_1m": 0,
      "ret_5m": 0,
      "ret_15m": 0,
      "vol_5m": 0,
      "vol_60m": 0,
      "volume_5m": 0,
      "volume_60m_avg": 0,
      "volume_ratio": 0,
      "log_minutes_to_close": -1,
      "minutes_to_close_squared": 0,
      "minutes_x_spread": 0,
      "minutes_x_temp_dist": 0,
      "mid_group_mean": 0,
      "mid_group_std": 0,
      "mid_group_min": 0,
      "mid_group_max": 0,
      "mid_zscore": 0,
      "mid_rank_pct": 0,
      "mid_rel_to_group": 0,
      "mid_to_best_diff": 0,
      "mid_to_worst_diff": 0,
      "volume_share_in_timestamp": 0,
      "market_prob_mid": 0,
      "market_prob_bid": 0,
      "market_prob_ask": 0,
      "market_logit_mid": 0,
      "market_edge_vs_even": 0,
      "minutes_since_midnight_local": 0,
      "doy_sin": 0,
      "doy_cos": 0,
      "is_weekend": 0,
      "strike_width": 0,
      "strike_midpoint": 0,
      "temp_to_midpoint": 0,
      "temp_position_in_bracket": 0,
      "prior_day_tmax": 0,
      "temp_change_from_yesterday": 0,
      "yes_bid_is_na": 0,
      "yes_ask_is_na": 0,
      "spread_cents_is_na": 0,
      "hour_of_day_local_is_na": 0,
      "day_of_week_is_na": 0,
      "mid_chg_5m_is_na": 0,
      "spread_pct_is_na": 0,
      "vol_15m_is_na": 0,
      "temp_rollmax_3h_is_na": 0,
      "temp_rollmin_3h_is_na": 0,
      "temp_delta_1h_is_na": 0,
      "dewpoint_is_na": 0,
      "humidity_is_na": 0,
      "windspeed_is_na": 0,
      "ret_1m_is_na": 0,
      "ret_5m_is_na": 0,
      "ret_15m_is_na": 0,
      "vol_5m_is_na": 0,
      "vol_60m_is_na": 0,
      "volume_5m_is_na": 0,
      "volume_60m_avg_is_na": 0,
      "volume_ratio_is_na": 0,
      "log_minutes_to_close_is_na": 0,
      "minutes_to_close_squared_is_na": 0,
      "minutes_x_spread_is_na": 0,
      "minutes_x_temp_dist_is_na": 0,
      "mid_group_mean_is_na": 0,
      "mid_group_std_is_na": 0,
      "mid_group_min_is_na": 0,
      "mid_group_max_is_na": 0,
      "mid_zscore_is_na": 0,
      "mid_rank_pct_is_na": 0,
      "mid_rel_to_group_is_na": 0,
      "mid_to_best_diff_is_na": 0,
      "mid_to_worst_diff_is_na": 0,
      "volume_share_in_timestamp_is_na": 0,
      "market_prob_mid_is_na": 0,
      "market_prob_bid_is_na": 0,
      "market_prob_ask_is_na": 0,
      "market_logit_mid_is_na": 0,
      "market_edge_vs_even_is_na": 0,
      "minutes_since_midnight_local_is_na": 0,
      "doy_sin_is_na": 0,
      "doy_cos_is_na": 0,
      "is_weekend_is_na": 0,
      "strike_width_is_na": 0,
      "strike_midpoint_is_na": 0,
      "temp_to_midpoint_is_na": 0,
      "temp_position_in_bracket_is_na": 0,
      "prior_day_tmax_is_na": 0,
      "temp_change_from_yesterday_is_na": 0
    }
  },
  "metrics": {
    "brier_score": 0.23879256960986947,
    "log_loss": 1.0832614650096941,
    "n_train": 63901,
    "n_test": 6339
  },
  "optuna": {
    "n_trials": 20,
    "best_value": 0.12671474792521545
  }
}