{
  "best_params": {
    "penalty": "elasticnet",
    "C": 0.14077395745707372,
    "l1_ratio": 0.27096713617904516,
    "class_weight": null
  },
  "calibration": "sigmoid",
  "n_trials": 30,
  "seed": 42
}