{
  "best_params": {
    "depth": 6,
    "min_data_in_leaf": 16,
    "l2_leaf_reg": 3.3118298880723813,
    "bagging_temperature": 0.5467102793432796,
    "learning_rate": 0.01875220945578641,
    "iterations": 973,
    "use_temp_to_floor": false,
    "use_temp_to_cap": true,
    "use_spread": true,
    "minutes_constraint": 1
  },
  "metadata": {
    "model_type": "catboost",
    "bracket_type": "between",
    "n_train": 80088,
    "n_cal": 20018,
    "calib_method": "isotonic",
    "feature_importance": {
      "yes_mid": 2.2967797920667286,
      "yes_bid": 0.0,
      "yes_ask": 0.0,
      "spread_cents": 0.0,
      "minutes_to_close": 0.035930870741653916,
      "temp_now": 0.31678113476806274,
      "temp_to_floor": 0.49446017063835623,
      "temp_to_cap": 0.047924942950125664,
      "hour_of_day_local": 0.28200135633154855,
      "day_of_week": 3.7289730724461037,
      "mid_chg_5m": 0.04693780716740082,
      "spread_pct": 0.0,
      "vol_15m": 0.22396181008039562,
      "temp_rollmax_3h": 0.8077752915597165,
      "temp_rollmin_3h": 0.5441992953476562,
      "temp_delta_1h": 0.0009764512420710013,
      "dewpoint": 1.6517689836939613,
      "humidity": 0.0,
      "windspeed": 0.40332698477019857,
      "ret_1m": 0.07093002966325215,
      "ret_5m": 0.04199671667713234,
      "ret_15m": 0.10611048390762869,
      "vol_5m": 0.016289987370990515,
      "vol_60m": 2.172272339668523,
      "volume_5m": 0.01835867940970258,
      "volume_60m_avg": 0.9196175019205828,
      "volume_ratio": 0.019230357017425627,
      "log_minutes_to_close": 0.002566785897282327,
      "minutes_to_close_squared": 0.9620724438906556,
      "minutes_x_spread": 0.0,
      "minutes_x_temp_dist": 1.1828488264374437,
      "mid_group_mean": 0.02110115974082171,
      "mid_group_std": 0.0022321194041701837,
      "mid_group_min": 0.016243238884312377,
      "mid_group_max": 0.0685877238789118,
      "mid_zscore": 0.02380014063464667,
      "mid_rank_pct": 0.05115471419750342,
      "mid_rel_to_group": 0.01591141824499726,
      "mid_to_best_diff": 0.02146381669515708,
      "mid_to_worst_diff": 0.027789354330450006,
      "volume_share_in_timestamp": 0.00031084021802366,
      "market_prob_mid": 2.3402552734108815,
      "market_prob_bid": 0.0,
      "market_prob_ask": 0.0,
      "market_logit_mid": 2.3415251161876154,
      "market_edge_vs_even": 1.98290616160875,
      "minutes_since_midnight_local": 0.27437229753321796,
      "doy_sin": 8.286682645482319,
      "doy_cos": 10.890111605283051,
      "is_weekend": 0.9993051454842313,
      "strike_width": 0.0,
      "strike_midpoint": 47.52755487569635,
      "temp_to_midpoint": 0.44173910059969024,
      "temp_position_in_bracket": 0.3470583168994729,
      "prior_day_tmax": 6.607024846384616,
      "temp_change_from_yesterday": 1.3187779735362233,
      "yes_bid_is_na": 0.0,
      "yes_ask_is_na": 0.0,
      "spread_cents_is_na": 0.0,
      "hour_of_day_local_is_na": 0.0,
      "day_of_week_is_na": 0.0,
      "mid_chg_5m_is_na": 0.0,
      "spread_pct_is_na": 0.0,
      "vol_15m_is_na": 0.0,
      "temp_rollmax_3h_is_na": 0.0,
      "temp_rollmin_3h_is_na": 0.0,
      "temp_delta_1h_is_na": 0.0,
      "dewpoint_is_na": 0.0,
      "humidity_is_na": 0.0,
      "windspeed_is_na": 0.0,
      "ret_1m_is_na": 0.0,
      "ret_5m_is_na": 0.0,
      "ret_15m_is_na": 0.0,
      "vol_5m_is_na": 0.0,
      "vol_60m_is_na": 0.0,
      "volume_5m_is_na": 0.0,
      "volume_60m_avg_is_na": 0.0,
      "volume_ratio_is_na": 0.0,
      "log_minutes_to_close_is_na": 0.0,
      "minutes_to_close_squared_is_na": 0.0,
      "minutes_x_spread_is_na": 0.0,
      "minutes_x_temp_dist_is_na": 0.0,
      "mid_group_mean_is_na": 0.0,
      "mid_group_std_is_na": 0.0,
      "mid_group_min_is_na": 0.0,
      "mid_group_max_is_na": 0.0,
      "mid_zscore_is_na": 0.0,
      "mid_rank_pct_is_na": 0.0,
      "mid_rel_to_group_is_na": 0.0,
      "mid_to_best_diff_is_na": 0.0,
      "mid_to_worst_diff_is_na": 0.0,
      "volume_share_in_timestamp_is_na": 0.0,
      "market_prob_mid_is_na": 0.0,
      "market_prob_bid_is_na": 0.0,
      "market_prob_ask_is_na": 0.0,
      "market_logit_mid_is_na": 0.0,
      "market_edge_vs_even_is_na": 0.0,
      "minutes_since_midnight_local_is_na": 0.0,
      "doy_sin_is_na": 0.0,
      "doy_cos_is_na": 0.0,
      "is_weekend_is_na": 0.0,
      "strike_width_is_na": 0.0,
      "strike_midpoint_is_na": 0.0,
      "temp_to_midpoint_is_na": 0.0,
      "temp_position_in_bracket_is_na": 0.0,
      "prior_day_tmax_is_na": 0.0,
      "temp_change_from_yesterday_is_na": 0.0
    },
    "monotone_constraints": {
      "yes_mid": 0,
      "yes_bid": 0,
      "yes_ask": 0,
      "spread_cents": -1,
      "minutes_to_close": 1,
      "temp_now": 0,
      "temp_to_floor": 0,
      "temp_to_cap": 1,
      "hour_of_day_local": 0,
      "day_of_week": 0,
      "mid_chg_5m": 0,
      "spread_pct": 0,
      "vol_15m": 0,
      "temp_rollmax_3h": 0,
      "temp_rollmin_3h": 0,
      "temp_delta_1h": 0,
      "dewpoint": 0,
      "humidity": 0,
      "windspeed": 0,
      "ret_1m": 0,
      "ret_5m": 0,
      "ret_15m": 0,
      "vol_5m": 0,
      "vol_60m": 0,
      "volume_5m": 0,
      "volume_60m_avg": 0,
      "volume_ratio": 0,
      "log_minutes_to_close": 1,
      "minutes_to_close_squared": 0,
      "minutes_x_spread": 0,
      "minutes_x_temp_dist": 0,
      "mid_group_mean": 0,
      "mid_group_std": 0,
      "mid_group_min": 0,
      "mid_group_max": 0,
      "mid_zscore": 0,
      "mid_rank_pct": 0,
      "mid_rel_to_group": 0,
      "mid_to_best_diff": 0,
      "mid_to_worst_diff": 0,
      "volume_share_in_timestamp": 0,
      "market_prob_mid": 0,
      "market_prob_bid": 0,
      "market_prob_ask": 0,
      "market_logit_mid": 0,
      "market_edge_vs_even": 0,
      "minutes_since_midnight_local": 0,
      "doy_sin": 0,
      "doy_cos": 0,
      "is_weekend": 0,
      "strike_width": 0,
      "strike_midpoint": 0,
      "temp_to_midpoint": 0,
      "temp_position_in_bracket": 0,
      "prior_day_tmax": 0,
      "temp_change_from_yesterday": 0,
      "yes_bid_is_na": 0,
      "yes_ask_is_na": 0,
      "spread_cents_is_na": 0,
      "hour_of_day_local_is_na": 0,
      "day_of_week_is_na": 0,
      "mid_chg_5m_is_na": 0,
      "spread_pct_is_na": 0,
      "vol_15m_is_na": 0,
      "temp_rollmax_3h_is_na": 0,
      "temp_rollmin_3h_is_na": 0,
      "temp_delta_1h_is_na": 0,
      "dewpoint_is_na": 0,
      "humidity_is_na": 0,
      "windspeed_is_na": 0,
      "ret_1m_is_na": 0,
      "ret_5m_is_na": 0,
      "ret_15m_is_na": 0,
      "vol_5m_is_na": 0,
      "vol_60m_is_na": 0,
      "volume_5m_is_na": 0,
      "volume_60m_avg_is_na": 0,
      "volume_ratio_is_na": 0,
      "log_minutes_to_close_is_na": 0,
      "minutes_to_close_squared_is_na": 0,
      "minutes_x_spread_is_na": 0,
      "minutes_x_temp_dist_is_na": 0,
      "mid_group_mean_is_na": 0,
      "mid_group_std_is_na": 0,
      "mid_group_min_is_na": 0,
      "mid_group_max_is_na": 0,
      "mid_zscore_is_na": 0,
      "mid_rank_pct_is_na": 0,
      "mid_rel_to_group_is_na": 0,
      "mid_to_best_diff_is_na": 0,
      "mid_to_worst_diff_is_na": 0,
      "volume_share_in_timestamp_is_na": 0,
      "market_prob_mid_is_na": 0,
      "market_prob_bid_is_na": 0,
      "market_prob_ask_is_na": 0,
      "market_logit_mid_is_na": 0,
      "market_edge_vs_even_is_na": 0,
      "minutes_since_midnight_local_is_na": 0,
      "doy_sin_is_na": 0,
      "doy_cos_is_na": 0,
      "is_weekend_is_na": 0,
      "strike_width_is_na": 0,
      "strike_midpoint_is_na": 0,
      "temp_to_midpoint_is_na": 0,
      "temp_position_in_bracket_is_na": 0,
      "prior_day_tmax_is_na": 0,
      "temp_change_from_yesterday_is_na": 0
    }
  },
  "metrics": {
    "brier_score": 0.002394562959898685,
    "log_loss": NaN,
    "n_train": 100106,
    "n_test": 3984
  },
  "optuna": {
    "n_trials": 20,
    "best_value": 0.13065203087074562
  }
}