{
  "grow_policy": "SymmetricTree",
  "depth": 5,
  "iterations": 977,
  "learning_rate": 0.02714341196581941,
  "border_count": 65,
  "l2_leaf_reg": 26.64803756855424,
  "min_data_in_leaf": 115,
  "random_strength": 0.1889328984532042,
  "colsample_bylevel": 0.8908687713299506,
  "subsample": 0.65373099409327
}