{
  "trained_at": "2025-12-08T00:33:07.763301",
  "city": "miami",
  "feature_cols": [
    "forecast_temp",
    "market_temp",
    "edge",
    "confidence",
    "forecast_uncertainty",
    "market_uncertainty",
    "base_temp",
    "predicted_delta",
    "snapshot_hour",
    "hours_to_event_close",
    "minutes_since_market_open",
    "obs_fcst_max_gap",
    "fcst_remaining_potential",
    "temp_volatility_30min",
    "market_bid_ask_spread"
  ],
  "best_params": {
    "bootstrap_type": "Bernoulli",
    "depth": 8,
    "iterations": 362,
    "learning_rate": 0.08743907730809508,
    "l2_leaf_reg": 1.66297502152146,
    "min_data_in_leaf": 74,
    "random_strength": 1.3837487011652383,
    "colsample_bylevel": 0.8085576538056132,
    "subsample": 0.7859662054659834,
    "calibration_method": "sigmoid"
  },
  "train_metrics": {
    "n_train": 3162,
    "n_val": 121,
    "n_test": 746,
    "n_test_total": 746,
    "optuna_metric": "auc",
    "best_optuna_score": 0.7447619047619047,
    "test_auc": 0.4734098939929329,
    "test_accuracy": 0.7587131367292225,
    "baseline_win_rate": 0.24128686327077747,
    "filtered_win_rate": 0.0,
    "n_trades_recommended": 0,
    "decision_threshold": 0.5,
    "calibration_method": "sigmoid",
    "mean_pnl_all_edges": -0.07859249329758715,
    "mean_pnl_trades": 0.0,
    "sharpe_trades": 0.0,
    "feature_importance": {
      "forecast_temp": 9.409872712292746,
      "market_temp": 10.547181495768303,
      "edge": 6.924968707856566,
      "confidence": 9.544213914726964,
      "forecast_uncertainty": 7.395082563249153,
      "market_uncertainty": 9.236921207021712,
      "base_temp": 5.138555602413601,
      "predicted_delta": 10.423342005029843,
      "snapshot_hour": 5.405513015106816,
      "hours_to_event_close": 5.3040707745101665,
      "minutes_since_market_open": 4.903503197975395,
      "obs_fcst_max_gap": 4.540941434284926,
      "fcst_remaining_potential": 3.10226928563068,
      "temp_volatility_30min": 3.913086141954028,
      "market_bid_ask_spread": 4.2104779421790886
    }
  },
  "decision_threshold": 0.5,
  "n_trials": 80,
  "optimize_metric": "auc"
}