{
  "model_type": "ordinal_catboost",
  "trained_at": "2025-12-07T19:38:12.547919",
  "n_train_samples": 389712,
  "n_train_days": 855,
  "delta_range": [
    -12,
    12
  ],
  "delta_classes": [
    -12,
    -11,
    -10,
    -9,
    -8,
    -7,
    -6,
    -5,
    -4,
    -3,
    -2,
    -1,
    0,
    1,
    2,
    3,
    4,
    5,
    6,
    7,
    8,
    9,
    10,
    11,
    12
  ],
  "global_delta_classes": [
    -12,
    -11,
    -10,
    -9,
    -8,
    -7,
    -6,
    -5,
    -4,
    -3,
    -2,
    -1,
    0,
    1,
    2,
    3,
    4,
    5,
    6,
    7,
    8,
    9,
    10,
    11,
    12
  ],
  "thresholds": [
    -11,
    -10,
    -9,
    -8,
    -7,
    -6,
    -5,
    -4,
    -3,
    -2,
    -1,
    0,
    1,
    2,
    3,
    4,
    5,
    6,
    7,
    8,
    9,
    10,
    11,
    12
  ],
  "n_classifiers": 24,
  "n_constant_classifiers": 1,
  "base_model": "catboost",
  "n_optuna_trials": 150,
  "best_params": {
    "grow_policy": "SymmetricTree",
    "depth": 5,
    "iterations": 977,
    "learning_rate": 0.02714341196581941,
    "border_count": 65,
    "l2_leaf_reg": 26.64803756855424,
    "min_data_in_leaf": 115,
    "random_strength": 0.1889328984532042,
    "colsample_bylevel": 0.8908687713299506,
    "subsample": 0.65373099409327
  }
}