{
  "best_params": {
    "depth": 4,
    "min_data_in_leaf": 26,
    "l2_leaf_reg": 5.0468332876558515,
    "bagging_temperature": 0.363629602379294,
    "learning_rate": 0.27254609841484684,
    "iterations": 967,
    "use_temp_to_floor": false,
    "use_temp_to_cap": true,
    "use_spread": false,
    "minutes_constraint": -1
  },
  "metadata": {
    "model_type": "catboost",
    "bracket_type": "between",
    "n_train": 11762,
    "n_cal": 2756,
    "calib_method": "isotonic",
    "feature_importance": {
      "yes_mid": 8.771845738482922,
      "yes_bid": 0.0,
      "yes_ask": 0.0,
      "spread_cents": 0.0,
      "minutes_to_close": 0.07878183311270485,
      "temp_now": 0.06240465163002301,
      "temp_to_floor": 0.3519380095169586,
      "temp_to_cap": 0.0011979075586660845,
      "hour_of_day_local": 2.373480986719309e-05,
      "day_of_week": 8.985024663215857,
      "mid_chg_5m": 0.06225227161990644,
      "spread_pct": 0.0,
      "vol_15m": 0.6017851111107643,
      "temp_rollmax_3h": 0.842098141598522,
      "temp_rollmin_3h": 0.6653116632204887,
      "temp_delta_1h": 0.040650044161768366,
      "dewpoint": 0.20457445027935572,
      "humidity": 0.0,
      "windspeed": 0.34062427689873875,
      "ret_1m": 0.05103325539707545,
      "ret_5m": 0.03706995328751136,
      "ret_15m": 0.09674713437863655,
      "vol_5m": 0.0827360463309698,
      "vol_60m": 3.522776019027487,
      "volume_5m": 0.0885584436685112,
      "volume_60m_avg": 1.035041878217645,
      "volume_ratio": 0.08966002258084271,
      "log_minutes_to_close": 0.0007042553417293309,
      "minutes_to_close_squared": 3.5787741668100206,
      "minutes_x_spread": 0.0,
      "minutes_x_temp_dist": 0.9433956197481602,
      "market_prob_mid": 0.054044171413943964,
      "market_prob_bid": 0.0,
      "market_prob_ask": 0.0,
      "market_logit_mid": 0.1186859655923771,
      "market_edge_vs_even": 0.07364072950815828,
      "minutes_since_midnight_local": 0.6284341897875235,
      "doy_sin": 22.45893735775372,
      "doy_cos": 0.2900508369582766,
      "is_weekend": 2.397641925830382,
      "strike_width": 0.0,
      "strike_midpoint": 40.68422147000323,
      "temp_to_midpoint": 0.007675815435306248,
      "temp_position_in_bracket": 0.05232082861518456,
      "prior_day_tmax": 2.2331304305379507,
      "temp_change_from_yesterday": 0.46620698655885806,
      "yes_bid_is_na": 0.0,
      "yes_ask_is_na": 0.0,
      "spread_cents_is_na": 0.0,
      "hour_of_day_local_is_na": 0.0,
      "day_of_week_is_na": 0.0,
      "mid_chg_5m_is_na": 0.0,
      "spread_pct_is_na": 0.0,
      "vol_15m_is_na": 0.0,
      "temp_rollmax_3h_is_na": 0.0,
      "temp_rollmin_3h_is_na": 0.0,
      "temp_delta_1h_is_na": 0.0,
      "dewpoint_is_na": 0.0,
      "humidity_is_na": 0.0,
      "windspeed_is_na": 0.0,
      "ret_1m_is_na": 0.0,
      "ret_5m_is_na": 0.0,
      "ret_15m_is_na": 0.0,
      "vol_5m_is_na": 0.0,
      "vol_60m_is_na": 0.0,
      "volume_5m_is_na": 0.0,
      "volume_60m_avg_is_na": 0.0,
      "volume_ratio_is_na": 0.0,
      "log_minutes_to_close_is_na": 0.0,
      "minutes_to_close_squared_is_na": 0.0,
      "minutes_x_spread_is_na": 0.0,
      "minutes_x_temp_dist_is_na": 0.0,
      "market_prob_mid_is_na": 0.0,
      "market_prob_bid_is_na": 0.0,
      "market_prob_ask_is_na": 0.0,
      "market_logit_mid_is_na": 0.0,
      "market_edge_vs_even_is_na": 0.0,
      "minutes_since_midnight_local_is_na": 0.0,
      "doy_sin_is_na": 0.0,
      "doy_cos_is_na": 0.0,
      "is_weekend_is_na": 0.0,
      "strike_width_is_na": 0.0,
      "strike_midpoint_is_na": 0.0,
      "temp_to_midpoint_is_na": 0.0,
      "temp_position_in_bracket_is_na": 0.0,
      "prior_day_tmax_is_na": 0.0,
      "temp_change_from_yesterday_is_na": 0.0
    },
    "monotone_constraints": {
      "yes_mid": 0,
      "yes_bid": 0,
      "yes_ask": 0,
      "spread_cents": 0,
      "minutes_to_close": -1,
      "temp_now": 0,
      "temp_to_floor": 0,
      "temp_to_cap": 1,
      "hour_of_day_local": 0,
      "day_of_week": 0,
      "mid_chg_5m": 0,
      "spread_pct": 0,
      "vol_15m": 0,
      "temp_rollmax_3h": 0,
      "temp_rollmin_3h": 0,
      "temp_delta_1h": 0,
      "dewpoint": 0,
      "humidity": 0,
      "windspeed": 0,
      "ret_1m": 0,
      "ret_5m": 0,
      "ret_15m": 0,
      "vol_5m": 0,
      "vol_60m": 0,
      "volume_5m": 0,
      "volume_60m_avg": 0,
      "volume_ratio": 0,
      "log_minutes_to_close": -1,
      "minutes_to_close_squared": 0,
      "minutes_x_spread": 0,
      "minutes_x_temp_dist": 0,
      "market_prob_mid": 0,
      "market_prob_bid": 0,
      "market_prob_ask": 0,
      "market_logit_mid": 0,
      "market_edge_vs_even": 0,
      "minutes_since_midnight_local": 0,
      "doy_sin": 0,
      "doy_cos": 0,
      "is_weekend": 0,
      "strike_width": 0,
      "strike_midpoint": 0,
      "temp_to_midpoint": 0,
      "temp_position_in_bracket": 0,
      "prior_day_tmax": 0,
      "temp_change_from_yesterday": 0,
      "yes_bid_is_na": 0,
      "yes_ask_is_na": 0,
      "spread_cents_is_na": 0,
      "hour_of_day_local_is_na": 0,
      "day_of_week_is_na": 0,
      "mid_chg_5m_is_na": 0,
      "spread_pct_is_na": 0,
      "vol_15m_is_na": 0,
      "temp_rollmax_3h_is_na": 0,
      "temp_rollmin_3h_is_na": 0,
      "temp_delta_1h_is_na": 0,
      "dewpoint_is_na": 0,
      "humidity_is_na": 0,
      "windspeed_is_na": 0,
      "ret_1m_is_na": 0,
      "ret_5m_is_na": 0,
      "ret_15m_is_na": 0,
      "vol_5m_is_na": 0,
      "vol_60m_is_na": 0,
      "volume_5m_is_na": 0,
      "volume_60m_avg_is_na": 0,
      "volume_ratio_is_na": 0,
      "log_minutes_to_close_is_na": 0,
      "minutes_to_close_squared_is_na": 0,
      "minutes_x_spread_is_na": 0,
      "minutes_x_temp_dist_is_na": 0,
      "market_prob_mid_is_na": 0,
      "market_prob_bid_is_na": 0,
      "market_prob_ask_is_na": 0,
      "market_logit_mid_is_na": 0,
      "market_edge_vs_even_is_na": 0,
      "minutes_since_midnight_local_is_na": 0,
      "doy_sin_is_na": 0,
      "doy_cos_is_na": 0,
      "is_weekend_is_na": 0,
      "strike_width_is_na": 0,
      "strike_midpoint_is_na": 0,
      "temp_to_midpoint_is_na": 0,
      "temp_position_in_bracket_is_na": 0,
      "prior_day_tmax_is_na": 0,
      "temp_change_from_yesterday_is_na": 0
    }
  },
  "metrics": {
    "brier_score": 0.234872075569966,
    "log_loss": 3.563166815426138,
    "n_train": 14518,
    "n_test": 3154
  },
  "optuna": {
    "n_trials": 10,
    "best_value": 0.1378084731083825
  }
}