{
  "best_params": {
    "penalty": "elasticnet",
    "C": 0.0010108138289989233,
    "l1_ratio": 0.8714489153033785,
    "class_weight": null
  },
  "calibration": "isotonic",
  "n_trials": 60,
  "seed": 42
}