{
  "best_params": {
    "depth": 5,
    "min_data_in_leaf": 31,
    "l2_leaf_reg": 4.344759225507464,
    "bagging_temperature": 0.808578259028605,
    "learning_rate": 0.2990182798878593,
    "iterations": 620,
    "use_temp_to_floor": true,
    "use_temp_to_cap": true,
    "use_spread": false,
    "minutes_constraint": -1
  },
  "metadata": {
    "model_type": "catboost",
    "bracket_type": "between",
    "n_train": 65237,
    "n_cal": 14226,
    "calib_method": "isotonic",
    "feature_importance": {
      "yes_mid": 6.233867293103171,
      "yes_bid": 0.0,
      "yes_ask": 0.0,
      "spread_cents": 0.0,
      "minutes_to_close": 0.33226682965026366,
      "temp_now": 0.06266620916370025,
      "temp_to_floor": 0.02754089879009927,
      "temp_to_cap": 0.0031218689763922638,
      "hour_of_day_local": 0.031954538091624796,
      "day_of_week": 6.4202123429697835,
      "mid_chg_5m": 0.09097787339478104,
      "spread_pct": 0.0,
      "vol_15m": 0.31898105116983794,
      "temp_rollmax_3h": 0.721172678433758,
      "temp_rollmin_3h": 1.0599251726881203,
      "temp_delta_1h": 7.568824871527541e-10,
      "dewpoint": 2.9734714354420175,
      "humidity": 0.0,
      "windspeed": 0.26032524429625875,
      "ret_1m": 0.0637389271342216,
      "ret_5m": 0.03603365667089943,
      "ret_15m": 0.17539685360809487,
      "vol_5m": 0.05411305670372241,
      "vol_60m": 2.1082433993777037,
      "volume_5m": 0.006738182499277087,
      "volume_60m_avg": 1.556308038791737,
      "volume_ratio": 4.1651850020927226e-10,
      "log_minutes_to_close": 0.019468895031028513,
      "minutes_to_close_squared": 1.527450667543082,
      "minutes_x_spread": 0.0,
      "minutes_x_temp_dist": 0.7980520244928652,
      "mid_group_mean": 0.06768497909132411,
      "mid_group_std": 0.0006581750251233163,
      "mid_group_min": 0.0173153742984849,
      "mid_group_max": 0.04773401135995915,
      "mid_zscore": 0.014185578885304993,
      "mid_rank_pct": 0.01251199930451665,
      "mid_rel_to_group": 0.07293265840236228,
      "mid_to_best_diff": 0.028854007075813076,
      "mid_to_worst_diff": 0.038932363670957794,
      "volume_share_in_timestamp": 0.004371032931631275,
      "market_prob_mid": 0.2960435280124963,
      "market_prob_bid": 0.0,
      "market_prob_ask": 0.0,
      "market_logit_mid": 0.20993053702372336,
      "market_edge_vs_even": 0.35237131805641764,
      "minutes_since_midnight_local": 0.6507477128322431,
      "doy_sin": 9.93990283366923,
      "doy_cos": 9.01446042600063,
      "is_weekend": 0.5409305402248022,
      "strike_width": 0.0,
      "strike_midpoint": 46.55195050130871,
      "temp_to_midpoint": 0.5219339560499777,
      "temp_position_in_bracket": 0.424487196535885,
      "prior_day_tmax": 5.072083121546163,
      "temp_change_from_yesterday": 1.2379510094983581,
      "yes_bid_is_na": 0.0,
      "yes_ask_is_na": 0.0,
      "spread_cents_is_na": 0.0,
      "hour_of_day_local_is_na": 0.0,
      "day_of_week_is_na": 0.0,
      "mid_chg_5m_is_na": 0.0,
      "spread_pct_is_na": 0.0,
      "vol_15m_is_na": 0.0,
      "temp_rollmax_3h_is_na": 0.0,
      "temp_rollmin_3h_is_na": 0.0,
      "temp_delta_1h_is_na": 0.0,
      "dewpoint_is_na": 0.0,
      "humidity_is_na": 0.0,
      "windspeed_is_na": 0.0,
      "ret_1m_is_na": 0.0,
      "ret_5m_is_na": 0.0,
      "ret_15m_is_na": 0.0,
      "vol_5m_is_na": 0.0,
      "vol_60m_is_na": 0.0,
      "volume_5m_is_na": 0.0,
      "volume_60m_avg_is_na": 0.0,
      "volume_ratio_is_na": 0.0,
      "log_minutes_to_close_is_na": 0.0,
      "minutes_to_close_squared_is_na": 0.0,
      "minutes_x_spread_is_na": 0.0,
      "minutes_x_temp_dist_is_na": 0.0,
      "mid_group_mean_is_na": 0.0,
      "mid_group_std_is_na": 0.0,
      "mid_group_min_is_na": 0.0,
      "mid_group_max_is_na": 0.0,
      "mid_zscore_is_na": 0.0,
      "mid_rank_pct_is_na": 0.0,
      "mid_rel_to_group_is_na": 0.0,
      "mid_to_best_diff_is_na": 0.0,
      "mid_to_worst_diff_is_na": 0.0,
      "volume_share_in_timestamp_is_na": 0.0,
      "market_prob_mid_is_na": 0.0,
      "market_prob_bid_is_na": 0.0,
      "market_prob_ask_is_na": 0.0,
      "market_logit_mid_is_na": 0.0,
      "market_edge_vs_even_is_na": 0.0,
      "minutes_since_midnight_local_is_na": 0.0,
      "doy_sin_is_na": 0.0,
      "doy_cos_is_na": 0.0,
      "is_weekend_is_na": 0.0,
      "strike_width_is_na": 0.0,
      "strike_midpoint_is_na": 0.0,
      "temp_to_midpoint_is_na": 0.0,
      "temp_position_in_bracket_is_na": 0.0,
      "prior_day_tmax_is_na": 0.0,
      "temp_change_from_yesterday_is_na": 0.0
    },
    "monotone_constraints": {
      "yes_mid": 0,
      "yes_bid": 0,
      "yes_ask": 0,
      "spread_cents": 0,
      "minutes_to_close": -1,
      "temp_now": 0,
      "temp_to_floor": 1,
      "temp_to_cap": 1,
      "hour_of_day_local": 0,
      "day_of_week": 0,
      "mid_chg_5m": 0,
      "spread_pct": 0,
      "vol_15m": 0,
      "temp_rollmax_3h": 0,
      "temp_rollmin_3h": 0,
      "temp_delta_1h": 0,
      "dewpoint": 0,
      "humidity": 0,
      "windspeed": 0,
      "ret_1m": 0,
      "ret_5m": 0,
      "ret_15m": 0,
      "vol_5m": 0,
      "vol_60m": 0,
      "volume_5m": 0,
      "volume_60m_avg": 0,
      "volume_ratio": 0,
      "log_minutes_to_close": -1,
      "minutes_to_close_squared": 0,
      "minutes_x_spread": 0,
      "minutes_x_temp_dist": 0,
      "mid_group_mean": 0,
      "mid_group_std": 0,
      "mid_group_min": 0,
      "mid_group_max": 0,
      "mid_zscore": 0,
      "mid_rank_pct": 0,
      "mid_rel_to_group": 0,
      "mid_to_best_diff": 0,
      "mid_to_worst_diff": 0,
      "volume_share_in_timestamp": 0,
      "market_prob_mid": 0,
      "market_prob_bid": 0,
      "market_prob_ask": 0,
      "market_logit_mid": 0,
      "market_edge_vs_even": 0,
      "minutes_since_midnight_local": 0,
      "doy_sin": 0,
      "doy_cos": 0,
      "is_weekend": 0,
      "strike_width": 0,
      "strike_midpoint": 0,
      "temp_to_midpoint": 0,
      "temp_position_in_bracket": 0,
      "prior_day_tmax": 0,
      "temp_change_from_yesterday": 0,
      "yes_bid_is_na": 0,
      "yes_ask_is_na": 0,
      "spread_cents_is_na": 0,
      "hour_of_day_local_is_na": 0,
      "day_of_week_is_na": 0,
      "mid_chg_5m_is_na": 0,
      "spread_pct_is_na": 0,
      "vol_15m_is_na": 0,
      "temp_rollmax_3h_is_na": 0,
      "temp_rollmin_3h_is_na": 0,
      "temp_delta_1h_is_na": 0,
      "dewpoint_is_na": 0,
      "humidity_is_na": 0,
      "windspeed_is_na": 0,
      "ret_1m_is_na": 0,
      "ret_5m_is_na": 0,
      "ret_15m_is_na": 0,
      "vol_5m_is_na": 0,
      "vol_60m_is_na": 0,
      "volume_5m_is_na": 0,
      "volume_60m_avg_is_na": 0,
      "volume_ratio_is_na": 0,
      "log_minutes_to_close_is_na": 0,
      "minutes_to_close_squared_is_na": 0,
      "minutes_x_spread_is_na": 0,
      "minutes_x_temp_dist_is_na": 0,
      "mid_group_mean_is_na": 0,
      "mid_group_std_is_na": 0,
      "mid_group_min_is_na": 0,
      "mid_group_max_is_na": 0,
      "mid_zscore_is_na": 0,
      "mid_rank_pct_is_na": 0,
      "mid_rel_to_group_is_na": 0,
      "mid_to_best_diff_is_na": 0,
      "mid_to_worst_diff_is_na": 0,
      "volume_share_in_timestamp_is_na": 0,
      "market_prob_mid_is_na": 0,
      "market_prob_bid_is_na": 0,
      "market_prob_ask_is_na": 0,
      "market_logit_mid_is_na": 0,
      "market_edge_vs_even_is_na": 0,
      "minutes_since_midnight_local_is_na": 0,
      "doy_sin_is_na": 0,
      "doy_cos_is_na": 0,
      "is_weekend_is_na": 0,
      "strike_width_is_na": 0,
      "strike_midpoint_is_na": 0,
      "temp_to_midpoint_is_na": 0,
      "temp_position_in_bracket_is_na": 0,
      "prior_day_tmax_is_na": 0,
      "temp_change_from_yesterday_is_na": 0
    }
  },
  "metrics": {
    "brier_score": 0.1847714479102956,
    "log_loss": 2.3791791156132853,
    "n_train": 79463,
    "n_test": 5118
  },
  "optuna": {
    "n_trials": 20,
    "best_value": 0.11034254084471623
  }
}