{
  "best_params": {
    "depth": 6,
    "min_data_in_leaf": 16,
    "l2_leaf_reg": 3.3118298880723813,
    "bagging_temperature": 0.5467102793432796,
    "learning_rate": 0.01875220945578641,
    "iterations": 973,
    "use_temp_to_floor": false,
    "use_temp_to_cap": true,
    "use_spread": true,
    "minutes_constraint": 1
  },
  "metadata": {
    "model_type": "catboost",
    "bracket_type": "between",
    "n_train": 55480,
    "n_cal": 12485,
    "calib_method": "isotonic",
    "feature_importance": {
      "yes_mid": 2.2546756092613305,
      "yes_bid": 0.0,
      "yes_ask": 0.0,
      "spread_cents": 0.0,
      "minutes_to_close": 0.007362495253469815,
      "temp_now": 0.160402435889841,
      "temp_to_floor": 0.6152798270571878,
      "temp_to_cap": 0.10986455750740973,
      "hour_of_day_local": 0.07740211983739329,
      "day_of_week": 3.0895291940272016,
      "mid_chg_5m": 0.1078478133297141,
      "spread_pct": 0.0,
      "vol_15m": 0.14527877157608612,
      "temp_rollmax_3h": 1.1314187105235678,
      "temp_rollmin_3h": 0.9286252712783718,
      "temp_delta_1h": 0.0013650267160954415,
      "dewpoint": 1.6269692770372246,
      "humidity": 0.0,
      "windspeed": 0.4949524006072843,
      "ret_1m": 0.038011242805449305,
      "ret_5m": 0.017955701165318465,
      "ret_15m": 0.21898087255072846,
      "vol_5m": 0.010668691495659128,
      "vol_60m": 1.8564837096468656,
      "volume_5m": 0.020599572691431218,
      "volume_60m_avg": 1.3278318786799888,
      "volume_ratio": 0.0023926700933626114,
      "log_minutes_to_close": 0.0012386063460416029,
      "minutes_to_close_squared": 0.9752499760702272,
      "minutes_x_spread": 0.0,
      "minutes_x_temp_dist": 0.6040466617301802,
      "mid_group_mean": 0.06803533114067992,
      "mid_group_std": 0.0022748131623158093,
      "mid_group_min": 0.04872192801186414,
      "mid_group_max": 0.3092803895746962,
      "mid_zscore": 0.015558872762885189,
      "mid_rank_pct": 0.0896293958340505,
      "mid_rel_to_group": 0.018464545827156204,
      "mid_to_best_diff": 0.0035282481620793637,
      "mid_to_worst_diff": 0.05166659503248796,
      "volume_share_in_timestamp": 0.0023506571169313564,
      "market_prob_mid": 2.1807580576221386,
      "market_prob_bid": 0.0,
      "market_prob_ask": 0.0,
      "market_logit_mid": 2.55909072372549,
      "market_edge_vs_even": 2.11984483919256,
      "minutes_since_midnight_local": 0.3379955600318417,
      "doy_sin": 11.80337440098708,
      "doy_cos": 11.183677203032643,
      "is_weekend": 0.8989561924042618,
      "strike_width": 0.0,
      "strike_midpoint": 44.61283415055805,
      "temp_to_midpoint": 0.49049303643844433,
      "temp_position_in_bracket": 0.32383149867243277,
      "prior_day_tmax": 6.481349432441002,
      "temp_change_from_yesterday": 0.5738510350914509,
      "yes_bid_is_na": 0.0,
      "yes_ask_is_na": 0.0,
      "spread_cents_is_na": 0.0,
      "hour_of_day_local_is_na": 0.0,
      "day_of_week_is_na": 0.0,
      "mid_chg_5m_is_na": 0.0,
      "spread_pct_is_na": 0.0,
      "vol_15m_is_na": 0.0,
      "temp_rollmax_3h_is_na": 0.0,
      "temp_rollmin_3h_is_na": 0.0,
      "temp_delta_1h_is_na": 0.0,
      "dewpoint_is_na": 0.0,
      "humidity_is_na": 0.0,
      "windspeed_is_na": 0.0,
      "ret_1m_is_na": 0.0,
      "ret_5m_is_na": 0.0,
      "ret_15m_is_na": 0.0,
      "vol_5m_is_na": 0.0,
      "vol_60m_is_na": 0.0,
      "volume_5m_is_na": 0.0,
      "volume_60m_avg_is_na": 0.0,
      "volume_ratio_is_na": 0.0,
      "log_minutes_to_close_is_na": 0.0,
      "minutes_to_close_squared_is_na": 0.0,
      "minutes_x_spread_is_na": 0.0,
      "minutes_x_temp_dist_is_na": 0.0,
      "mid_group_mean_is_na": 0.0,
      "mid_group_std_is_na": 0.0,
      "mid_group_min_is_na": 0.0,
      "mid_group_max_is_na": 0.0,
      "mid_zscore_is_na": 0.0,
      "mid_rank_pct_is_na": 0.0,
      "mid_rel_to_group_is_na": 0.0,
      "mid_to_best_diff_is_na": 0.0,
      "mid_to_worst_diff_is_na": 0.0,
      "volume_share_in_timestamp_is_na": 0.0,
      "market_prob_mid_is_na": 0.0,
      "market_prob_bid_is_na": 0.0,
      "market_prob_ask_is_na": 0.0,
      "market_logit_mid_is_na": 0.0,
      "market_edge_vs_even_is_na": 0.0,
      "minutes_since_midnight_local_is_na": 0.0,
      "doy_sin_is_na": 0.0,
      "doy_cos_is_na": 0.0,
      "is_weekend_is_na": 0.0,
      "strike_width_is_na": 0.0,
      "strike_midpoint_is_na": 0.0,
      "temp_to_midpoint_is_na": 0.0,
      "temp_position_in_bracket_is_na": 0.0,
      "prior_day_tmax_is_na": 0.0,
      "temp_change_from_yesterday_is_na": 0.0
    },
    "monotone_constraints": {
      "yes_mid": 0,
      "yes_bid": 0,
      "yes_ask": 0,
      "spread_cents": -1,
      "minutes_to_close": 1,
      "temp_now": 0,
      "temp_to_floor": 0,
      "temp_to_cap": 1,
      "hour_of_day_local": 0,
      "day_of_week": 0,
      "mid_chg_5m": 0,
      "spread_pct": 0,
      "vol_15m": 0,
      "temp_rollmax_3h": 0,
      "temp_rollmin_3h": 0,
      "temp_delta_1h": 0,
      "dewpoint": 0,
      "humidity": 0,
      "windspeed": 0,
      "ret_1m": 0,
      "ret_5m": 0,
      "ret_15m": 0,
      "vol_5m": 0,
      "vol_60m": 0,
      "volume_5m": 0,
      "volume_60m_avg": 0,
      "volume_ratio": 0,
      "log_minutes_to_close": 1,
      "minutes_to_close_squared": 0,
      "minutes_x_spread": 0,
      "minutes_x_temp_dist": 0,
      "mid_group_mean": 0,
      "mid_group_std": 0,
      "mid_group_min": 0,
      "mid_group_max": 0,
      "mid_zscore": 0,
      "mid_rank_pct": 0,
      "mid_rel_to_group": 0,
      "mid_to_best_diff": 0,
      "mid_to_worst_diff": 0,
      "volume_share_in_timestamp": 0,
      "market_prob_mid": 0,
      "market_prob_bid": 0,
      "market_prob_ask": 0,
      "market_logit_mid": 0,
      "market_edge_vs_even": 0,
      "minutes_since_midnight_local": 0,
      "doy_sin": 0,
      "doy_cos": 0,
      "is_weekend": 0,
      "strike_width": 0,
      "strike_midpoint": 0,
      "temp_to_midpoint": 0,
      "temp_position_in_bracket": 0,
      "prior_day_tmax": 0,
      "temp_change_from_yesterday": 0,
      "yes_bid_is_na": 0,
      "yes_ask_is_na": 0,
      "spread_cents_is_na": 0,
      "hour_of_day_local_is_na": 0,
      "day_of_week_is_na": 0,
      "mid_chg_5m_is_na": 0,
      "spread_pct_is_na": 0,
      "vol_15m_is_na": 0,
      "temp_rollmax_3h_is_na": 0,
      "temp_rollmin_3h_is_na": 0,
      "temp_delta_1h_is_na": 0,
      "dewpoint_is_na": 0,
      "humidity_is_na": 0,
      "windspeed_is_na": 0,
      "ret_1m_is_na": 0,
      "ret_5m_is_na": 0,
      "ret_15m_is_na": 0,
      "vol_5m_is_na": 0,
      "vol_60m_is_na": 0,
      "volume_5m_is_na": 0,
      "volume_60m_avg_is_na": 0,
      "volume_ratio_is_na": 0,
      "log_minutes_to_close_is_na": 0,
      "minutes_to_close_squared_is_na": 0,
      "minutes_x_spread_is_na": 0,
      "minutes_x_temp_dist_is_na": 0,
      "mid_group_mean_is_na": 0,
      "mid_group_std_is_na": 0,
      "mid_group_min_is_na": 0,
      "mid_group_max_is_na": 0,
      "mid_zscore_is_na": 0,
      "mid_rank_pct_is_na": 0,
      "mid_rel_to_group_is_na": 0,
      "mid_to_best_diff_is_na": 0,
      "mid_to_worst_diff_is_na": 0,
      "volume_share_in_timestamp_is_na": 0,
      "market_prob_mid_is_na": 0,
      "market_prob_bid_is_na": 0,
      "market_prob_ask_is_na": 0,
      "market_logit_mid_is_na": 0,
      "market_edge_vs_even_is_na": 0,
      "minutes_since_midnight_local_is_na": 0,
      "doy_sin_is_na": 0,
      "doy_cos_is_na": 0,
      "is_weekend_is_na": 0,
      "strike_width_is_na": 0,
      "strike_midpoint_is_na": 0,
      "temp_to_midpoint_is_na": 0,
      "temp_position_in_bracket_is_na": 0,
      "prior_day_tmax_is_na": 0,
      "temp_change_from_yesterday_is_na": 0
    }
  },
  "metrics": {
    "brier_score": 0.19321548859861046,
    "log_loss": 3.471831649265919,
    "n_train": 67965,
    "n_test": 5833
  },
  "optuna": {
    "n_trials": 20,
    "best_value": 0.10669610408529276
  }
}